location,date,new_cases,new_deaths,population_density,aged_65_older,aged_density
Iran,2021-12-26,1857.0,52.0,49.831,5.44,271.08064
Iran,2022-01-03,1677.0,22.0,49.831,5.44,271.08064
Iran,2022-01-09,1480.0,31.0,49.831,5.44,271.08064
Iran,2022-01-13,2394.0,30.0,49.831,5.44,271.08064
Iran,2022-01-14,2539.0,24.0,49.831,5.44,271.08064
Iran,2022-01-15,1421.0,18.0,49.831,5.44,271.08064
Iran,2022-01-16,2292.0,31.0,49.831,5.44,271.08064
Iran,2022-01-17,3163.0,20.0,49.831,5.44,271.08064
Iran,2022-01-18,3653.0,18.0,49.831,5.44,271.08064
Iran,2022-01-19,4060.0,19.0,49.831,5.44,271.08064
Iran,2022-01-20,4658.0,20.0,49.831,5.44,271.08064
Iran,2022-01-22,3503.0,30.0,49.831,5.44,271.08064
Iran,2022-01-23,5144.0,28.0,49.831,5.44,271.08064
Iran,2022-01-24,7691.0,21.0,49.831,5.44,271.08064
Iran,2022-01-26,11851.0,29.0,49.831,5.44,271.08064
Iran,2022-01-28,16757.0,23.0,49.831,5.44,271.08064
Iran,2022-01-29,11731.0,24.0,49.831,5.44,271.08064
Iran,2022-01-30,21996.0,44.0,49.831,5.44,271.08064
Iran,2022-01-31,28995.0,30.0,49.831,5.44,271.08064
Iran,2022-02-01,35070.0,50.0,49.831,5.44,271.08064
Iran,2022-02-02,38160.0,59.0,49.831,5.44,271.08064
Iran,2022-02-03,37395.0,61.0,49.831,5.44,271.08064
Iran,2022-02-04,36908.0,57.0,49.831,5.44,271.08064
Iran,2022-02-05,23130.0,64.0,49.831,5.44,271.08064
Iran,2022-02-06,35429.0,85.0,49.831,5.44,271.08064
Iran,2022-02-07,39819.0,104.0,49.831,5.44,271.08064
Iran,2022-02-08,38757.0,114.0,49.831,5.44,271.08064
Iran,2022-02-09,39085.0,116.0,49.831,5.44,271.08064
Iran,2022-02-10,33681.0,130.0,49.831,5.44,271.08064
Iran,2022-02-11,31247.0,143.0,49.831,5.44,271.08064
Iran,2022-02-12,18598.0,133.0,49.831,5.44,271.08064
Iran,2022-02-13,25812.0,148.0,49.831,5.44,271.08064
Iran,2022-02-14,28956.0,168.0,49.831,5.44,271.08064
Iran,2022-02-15,25034.0,167.0,49.831,5.44,271.08064
Iran,2022-02-16,16310.0,185.0,49.831,5.44,271.08064
Iran,2022-02-18,19317.0,187.0,49.831,5.44,271.08064
Iran,2022-02-19,12058.0,191.0,49.831,5.44,271.08064
Iran,2022-02-20,16967.0,242.0,49.831,5.44,271.08064
Iran,2022-02-21,19110.0,236.0,49.831,5.44,271.08064
Iran,2022-02-22,22073.0,223.0,49.831,5.44,271.08064
Iran,2022-02-23,15340.0,227.0,49.831,5.44,271.08064
Iran,2022-02-25,11972.0,214.0,49.831,5.44,271.08064
Iran,2022-02-26,7039.0,224.0,49.831,5.44,271.08064
Singapore,2021-07-31,120.0,0.0,7915.731,12.922,102287.075982
Singapore,2021-08-01,121.0,0.0,7915.731,12.922,102287.075982
Singapore,2021-08-02,111.0,1.0,7915.731,12.922,102287.075982
Singapore,2021-08-03,102.0,0.0,7915.731,12.922,102287.075982
Singapore,2021-08-04,95.0,1.0,7915.731,12.922,102287.075982
Singapore,2021-08-05,98.0,1.0,7915.731,12.922,102287.075982
Singapore,2021-08-06,97.0,1.0,7915.731,12.922,102287.075982
Singapore,2021-08-07,81.0,1.0,7915.731,12.922,102287.075982
Singapore,2021-08-08,78.0,0.0,7915.731,12.922,102287.075982
Singapore,2021-08-09,72.0,0.0,7915.731,12.922,102287.075982
Singapore,2021-08-10,0.0,0.0,7915.731,12.922,102287.075982
Singapore,2021-08-11,117.0,1.0,7915.731,12.922,102287.075982
Singapore,2021-08-12,59.0,0.0,7915.731,12.922,102287.075982
Singapore,2021-08-13,49.0,1.0,7915.731,12.922,102287.075982
Singapore,2021-08-14,58.0,0.0,7915.731,12.922,102287.075982
Singapore,2021-08-15,53.0,0.0,7915.731,12.922,102287.075982
Singapore,2021-08-16,53.0,0.0,7915.731,12.922,102287.075982
Singapore,2021-08-17,56.0,1.0,7915.731,12.922,102287.075982
Singapore,2021-08-18,53.0,1.0,7915.731,12.922,102287.075982
Singapore,2021-08-19,32.0,0.0,7915.731,12.922,102287.075982
Singapore,2021-08-20,40.0,1.0,7915.731,12.922,102287.075982
Singapore,2021-08-21,37.0,0.0,7915.731,12.922,102287.075982
Singapore,2021-08-22,35.0,2.0,7915.731,12.922,102287.075982
Singapore,2021-08-23,98.0,1.0,7915.731,12.922,102287.075982
Singapore,2021-08-24,116.0,0.0,7915.731,12.922,102287.075982
Singapore,2021-08-25,120.0,2.0,7915.731,12.922,102287.075982
Singapore,2021-08-26,116.0,0.0,7915.731,12.922,102287.075982
Singapore,2021-08-27,0.0,0.0,7915.731,12.922,102287.075982
Singapore,2021-08-28,243.0,3.0,7915.731,12.922,102287.075982
Singapore,2021-08-29,0.0,0.0,7915.731,12.922,102287.075982
Singapore,2021-08-30,288.0,0.0,7915.731,12.922,102287.075982
Singapore,2021-08-31,161.0,0.0,7915.731,12.922,102287.075982
Singapore,2021-09-01,180.0,0.0,7915.731,12.922,102287.075982
Singapore,2021-09-02,191.0,0.0,7915.731,12.922,102287.075982
Singapore,2021-09-03,219.0,0.0,7915.731,12.922,102287.075982
Singapore,2021-09-04,259.0,0.0,7915.731,12.922,102287.075982
Singapore,2021-09-05,191.0,0.0,7915.731,12.922,102287.075982
Singapore,2021-09-06,241.0,0.0,7915.731,12.922,102287.075982
Singapore,2021-09-07,332.0,0.0,7915.731,12.922,102287.075982
Singapore,2021-09-08,349.0,1.0,7915.731,12.922,102287.075982
Singapore,2021-09-09,457.0,1.0,7915.731,12.922,102287.075982
Singapore,2021-09-10,573.0,1.0,7915.731,12.922,102287.075982
Singapore,2021-09-11,555.0,0.0,7915.731,12.922,102287.075982
Singapore,2021-09-12,520.0,0.0,7915.731,12.922,102287.075982
Singapore,2021-09-13,607.0,0.0,7915.731,12.922,102287.075982
Singapore,2021-09-14,837.0,0.0,7915.731,12.922,102287.075982
Singapore,2021-09-15,807.0,0.0,7915.731,12.922,102287.075982
Singapore,2021-09-16,910.0,1.0,7915.731,12.922,102287.075982
Singapore,2021-09-17,935.0,0.0,7915.731,12.922,102287.075982
Singapore,2021-09-18,1009.0,1.0,7915.731,12.922,102287.075982
Singapore,2021-09-19,1012.0,0.0,7915.731,12.922,102287.075982
Singapore,2021-09-20,917.0,2.0,7915.731,12.922,102287.075982
Singapore,2021-09-21,1178.0,3.0,7915.731,12.922,102287.075982
Singapore,2021-09-22,1457.0,3.0,7915.731,12.922,102287.075982
Singapore,2021-09-23,1504.0,2.0,7915.731,12.922,102287.075982
Singapore,2021-09-24,1650.0,3.0,7915.731,12.922,102287.075982
Singapore,2021-09-25,1443.0,3.0,7915.731,12.922,102287.075982
Singapore,2021-09-26,1939.0,2.0,7915.731,12.922,102287.075982
Singapore,2021-09-27,1647.0,2.0,7915.731,12.922,102287.075982
Singapore,2021-09-28,2236.0,5.0,7915.731,12.922,102287.075982
Singapore,2021-09-29,2268.0,8.0,7915.731,12.922,102287.075982
Singapore,2021-09-30,2478.0,2.0,7915.731,12.922,102287.075982
Singapore,2021-10-01,2909.0,8.0,7915.731,12.922,102287.075982
Singapore,2021-10-02,2356.0,4.0,7915.731,12.922,102287.075982
Singapore,2021-10-03,2057.0,6.0,7915.731,12.922,102287.075982
Singapore,2021-10-04,2475.0,8.0,7915.731,12.922,102287.075982
Singapore,2021-10-05,3486.0,9.0,7915.731,12.922,102287.075982
Singapore,2021-10-06,3577.0,3.0,7915.731,12.922,102287.075982
Singapore,2021-10-07,3483.0,3.0,7915.731,12.922,102287.075982
Singapore,2021-10-08,3590.0,6.0,7915.731,12.922,102287.075982
Singapore,2021-10-09,3703.0,11.0,7915.731,12.922,102287.075982
Singapore,2021-10-10,2809.0,9.0,7915.731,12.922,102287.075982
Singapore,2021-10-11,2263.0,10.0,7915.731,12.922,102287.075982
Singapore,2021-10-12,2976.0,11.0,7915.731,12.922,102287.075982
Singapore,2021-10-13,3190.0,9.0,7915.731,12.922,102287.075982
Singapore,2021-10-14,2932.0,15.0,7915.731,12.922,102287.075982
Singapore,2021-10-15,3445.0,8.0,7915.731,12.922,102287.075982
Singapore,2021-10-16,3348.0,9.0,7915.731,12.922,102287.075982
Singapore,2021-10-17,3058.0,9.0,7915.731,12.922,102287.075982
Singapore,2021-10-18,2553.0,6.0,7915.731,12.922,102287.075982
Singapore,2021-10-19,3994.0,7.0,7915.731,12.922,102287.075982
Singapore,2021-10-20,3862.0,18.0,7915.731,12.922,102287.075982
Singapore,2021-10-21,3439.0,16.0,7915.731,12.922,102287.075982
Singapore,2021-10-22,3637.0,14.0,7915.731,12.922,102287.075982
Singapore,2021-10-23,3598.0,6.0,7915.731,12.922,102287.075982
Singapore,2021-10-24,3383.0,15.0,7915.731,12.922,102287.075982
Singapore,2021-10-25,3174.0,14.0,7915.731,12.922,102287.075982
Singapore,2021-10-26,3277.0,10.0,7915.731,12.922,102287.075982
Singapore,2021-10-27,5324.0,10.0,7915.731,12.922,102287.075982
Singapore,2021-10-28,3432.0,15.0,7915.731,12.922,102287.075982
Singapore,2021-10-29,4248.0,16.0,7915.731,12.922,102287.075982
Singapore,2021-10-30,3112.0,14.0,7915.731,12.922,102287.075982
Singapore,2021-10-31,3163.0,13.0,7915.731,12.922,102287.075982
Singapore,2021-11-01,2470.0,14.0,7915.731,12.922,102287.075982
Singapore,2021-11-02,3496.0,9.0,7915.731,12.922,102287.075982
Singapore,2021-11-03,3635.0,12.0,7915.731,12.922,102287.075982
Singapore,2021-11-04,3003.0,17.0,7915.731,12.922,102287.075982
Singapore,2021-11-05,1767.0,9.0,7915.731,12.922,102287.075982
Singapore,2021-11-06,3035.0,12.0,7915.731,12.922,102287.075982
Singapore,2021-11-07,2553.0,17.0,7915.731,12.922,102287.075982
Singapore,2021-11-08,2470.0,14.0,7915.731,12.922,102287.075982
Singapore,2021-11-09,3397.0,12.0,7915.731,12.922,102287.075982
Singapore,2021-11-10,3481.0,17.0,7915.731,12.922,102287.075982
Singapore,2021-11-11,2396.0,8.0,7915.731,12.922,102287.075982
Singapore,2021-11-12,3099.0,14.0,7915.731,12.922,102287.075982
Singapore,2021-11-13,2304.0,14.0,7915.731,12.922,102287.075982
Singapore,2021-11-14,1723.0,10.0,7915.731,12.922,102287.075982
Singapore,2021-11-15,2069.0,8.0,7915.731,12.922,102287.075982
Singapore,2021-11-16,2069.0,18.0,7915.731,12.922,102287.075982
Singapore,2021-11-17,3474.0,7.0,7915.731,12.922,102287.075982
Singapore,2021-11-18,0.0,0.0,7915.731,12.922,102287.075982
Singapore,2021-11-19,3772.0,22.0,7915.731,12.922,102287.075982
Singapore,2021-11-20,1931.0,13.0,7915.731,12.922,102287.075982
Singapore,2021-11-21,1670.0,8.0,7915.731,12.922,102287.075982
Singapore,2021-11-22,1461.0,5.0,7915.731,12.922,102287.075982
Singapore,2021-11-23,1782.0,5.0,7915.731,12.922,102287.075982
Singapore,2021-11-24,2079.0,6.0,7915.731,12.922,102287.075982
Singapore,2021-11-25,1275.0,3.0,7915.731,12.922,102287.075982
Singapore,2021-11-26,1090.0,3.0,7915.731,12.922,102287.075982
Singapore,2021-11-27,1761.0,6.0,7915.731,12.922,102287.075982
Singapore,2021-11-28,747.0,11.0,7915.731,12.922,102287.075982
Singapore,2021-11-29,1103.0,9.0,7915.731,12.922,102287.075982
Singapore,2021-11-30,1239.0,8.0,7915.731,12.922,102287.075982
Singapore,2021-12-01,1324.0,8.0,7915.731,12.922,102287.075982
Singapore,2021-12-02,1101.0,9.0,7915.731,12.922,102287.075982
Singapore,2021-12-03,766.0,9.0,7915.731,12.922,102287.075982
Singapore,2021-12-04,743.0,2.0,7915.731,12.922,102287.075982
Singapore,2021-12-05,552.0,13.0,7915.731,12.922,102287.075982
Singapore,2021-12-06,662.0,4.0,7915.731,12.922,102287.075982
Singapore,2021-12-07,715.0,8.0,7915.731,12.922,102287.075982
Singapore,2021-12-08,709.0,3.0,7915.731,12.922,102287.075982
Singapore,2021-12-09,682.0,5.0,7915.731,12.922,102287.075982
Singapore,2021-12-10,454.0,4.0,7915.731,12.922,102287.075982
Singapore,2021-12-11,559.0,6.0,7915.731,12.922,102287.075982
Singapore,2021-12-12,370.0,5.0,7915.731,12.922,102287.075982
Singapore,2021-12-13,339.0,4.0,7915.731,12.922,102287.075982
Singapore,2021-12-14,442.0,6.0,7915.731,12.922,102287.075982
Singapore,2021-12-15,474.0,3.0,7915.731,12.922,102287.075982
Singapore,2021-12-16,355.0,1.0,7915.731,12.922,102287.075982
Singapore,2021-12-17,412.0,1.0,7915.731,12.922,102287.075982
Singapore,2021-12-18,271.0,1.0,7915.731,12.922,102287.075982
Singapore,2021-12-19,255.0,3.0,7915.731,12.922,102287.075982
Singapore,2021-12-20,195.0,2.0,7915.731,12.922,102287.075982
Singapore,2021-12-21,280.0,2.0,7915.731,12.922,102287.075982
Singapore,2021-12-22,335.0,1.0,7915.731,12.922,102287.075982
Singapore,2021-12-23,322.0,2.0,7915.731,12.922,102287.075982
Singapore,2021-12-24,265.0,0.0,7915.731,12.922,102287.075982
Singapore,2021-12-25,248.0,1.0,7915.731,12.922,102287.075982
Singapore,2021-12-26,209.0,1.0,7915.731,12.922,102287.075982
Singapore,2021-12-27,280.0,3.0,7915.731,12.922,102287.075982
Singapore,2021-12-28,365.0,0.0,7915.731,12.922,102287.075982
Singapore,2021-12-29,341.0,1.0,7915.731,12.922,102287.075982
Singapore,2021-12-30,311.0,1.0,7915.731,12.922,102287.075982
Singapore,2021-12-31,344.0,1.0,7915.731,12.922,102287.075982
Singapore,2022-01-01,456.0,1.0,7915.731,12.922,102287.075982
Singapore,2022-01-02,429.0,0.0,7915.731,12.922,102287.075982
Singapore,2022-01-03,464.0,0.0,7915.731,12.922,102287.075982
Singapore,2022-01-04,842.0,3.0,7915.731,12.922,102287.075982
Singapore,2022-01-11,846.0,0.0,7915.731,12.922,102287.075982
Singapore,2022-01-12,882.0,1.0,7915.731,12.922,102287.075982
Singapore,2022-01-13,960.0,0.0,7915.731,12.922,102287.075982
Singapore,2022-01-14,945.0,1.0,7915.731,12.922,102287.075982
Singapore,2022-01-18,1448.0,0.0,7915.731,12.922,102287.075982
Singapore,2022-01-19,1615.0,1.0,7915.731,12.922,102287.075982
Singapore,2022-01-20,1472.0,1.0,7915.731,12.922,102287.075982
Singapore,2022-01-21,10264.0,1.0,7915.731,12.922,102287.075982
Singapore,2022-01-22,2463.0,1.0,7915.731,12.922,102287.075982
Singapore,2022-01-23,3496.0,1.0,7915.731,12.922,102287.075982
Singapore,2022-01-25,5996.0,2.0,7915.731,12.922,102287.075982
Singapore,2022-01-26,4832.0,0.0,7915.731,12.922,102287.075982
Singapore,2022-01-27,5469.0,0.0,7915.731,12.922,102287.075982
Singapore,2022-01-28,5554.0,3.0,7915.731,12.922,102287.075982
Singapore,2022-01-29,5207.0,1.0,7915.731,12.922,102287.075982
Singapore,2022-01-31,4481.0,1.0,7915.731,12.922,102287.075982
Singapore,2022-02-01,6264.0,3.0,7915.731,12.922,102287.075982
Singapore,2022-02-02,3101.0,1.0,7915.731,12.922,102287.075982
Singapore,2022-02-03,4297.0,1.0,7915.731,12.922,102287.075982
Singapore,2022-02-04,13208.0,6.0,7915.731,12.922,102287.075982
Singapore,2022-02-05,0.0,0.0,7915.731,12.922,102287.075982
Singapore,2022-02-06,10390.0,2.0,7915.731,12.922,102287.075982
Singapore,2022-02-08,13011.0,3.0,7915.731,12.922,102287.075982
Singapore,2022-02-09,10314.0,4.0,7915.731,12.922,102287.075982
Singapore,2022-02-10,10686.0,1.0,7915.731,12.922,102287.075982
Singapore,2022-02-11,9930.0,3.0,7915.731,12.922,102287.075982
Singapore,2022-02-12,10505.0,8.0,7915.731,12.922,102287.075982
Singapore,2022-02-13,9420.0,4.0,7915.731,12.922,102287.075982
Singapore,2022-02-15,19420.0,7.0,7915.731,12.922,102287.075982
Singapore,2022-02-16,16883.0,13.0,7915.731,12.922,102287.075982
Singapore,2022-02-17,18545.0,4.0,7915.731,12.922,102287.075982
Singapore,2022-02-18,18094.0,7.0,7915.731,12.922,102287.075982
Singapore,2022-02-19,24836.0,4.0,7915.731,12.922,102287.075982
Singapore,2022-02-20,6283.0,4.0,7915.731,12.922,102287.075982
Singapore,2022-02-21,13623.0,7.0,7915.731,12.922,102287.075982
South Korea,2021-10-11,1347.0,11.0,527.967,13.914,7346.1328379999995
South Korea,2021-10-12,1579.0,11.0,527.967,13.914,7346.1328379999995
South Korea,2021-10-13,1937.0,13.0,527.967,13.914,7346.1328379999995
South Korea,2021-10-14,1682.0,8.0,527.967,13.914,7346.1328379999995
South Korea,2021-10-15,1617.0,18.0,527.967,13.914,7346.1328379999995
South Korea,2021-10-16,1418.0,16.0,527.967,13.914,7346.1328379999995
South Korea,2021-10-17,1049.0,8.0,527.967,13.914,7346.1328379999995
South Korea,2021-10-18,1073.0,21.0,527.967,13.914,7346.1328379999995
South Korea,2021-10-19,1570.0,9.0,527.967,13.914,7346.1328379999995
South Korea,2021-10-20,1441.0,11.0,527.967,13.914,7346.1328379999995
South Korea,2021-10-21,1440.0,16.0,527.967,13.914,7346.1328379999995
South Korea,2021-10-22,1507.0,20.0,527.967,13.914,7346.1328379999995
South Korea,2021-10-23,1423.0,21.0,527.967,13.914,7346.1328379999995
South Korea,2021-10-24,1190.0,7.0,527.967,13.914,7346.1328379999995
South Korea,2021-10-25,1266.0,15.0,527.967,13.914,7346.1328379999995
South Korea,2021-10-26,1950.0,9.0,527.967,13.914,7346.1328379999995
South Korea,2021-10-27,2107.0,11.0,527.967,13.914,7346.1328379999995
South Korea,2021-10-28,2124.0,9.0,527.967,13.914,7346.1328379999995
South Korea,2021-10-29,2103.0,13.0,527.967,13.914,7346.1328379999995
South Korea,2021-10-30,2061.0,19.0,527.967,13.914,7346.1328379999995
South Korea,2021-10-31,1686.0,9.0,527.967,13.914,7346.1328379999995
South Korea,2021-11-01,1588.0,16.0,527.967,13.914,7346.1328379999995
South Korea,2021-11-02,2666.0,18.0,527.967,13.914,7346.1328379999995
South Korea,2021-11-03,2480.0,24.0,527.967,13.914,7346.1328379999995
South Korea,2021-11-04,2344.0,20.0,527.967,13.914,7346.1328379999995
South Korea,2021-11-05,2248.0,20.0,527.967,13.914,7346.1328379999995
South Korea,2021-11-06,2223.0,11.0,527.967,13.914,7346.1328379999995
South Korea,2021-11-07,1759.0,13.0,527.967,13.914,7346.1328379999995
South Korea,2021-11-08,1713.0,18.0,527.967,13.914,7346.1328379999995
South Korea,2021-11-09,2424.0,14.0,527.967,13.914,7346.1328379999995
South Korea,2021-11-10,2520.0,21.0,527.967,13.914,7346.1328379999995
South Korea,2021-11-11,2368.0,18.0,527.967,13.914,7346.1328379999995
South Korea,2021-11-12,2323.0,32.0,527.967,13.914,7346.1328379999995
South Korea,2021-11-13,2418.0,20.0,527.967,13.914,7346.1328379999995
South Korea,2021-11-14,2006.0,12.0,527.967,13.914,7346.1328379999995
South Korea,2021-11-15,2125.0,22.0,527.967,13.914,7346.1328379999995
South Korea,2021-11-16,3184.0,21.0,527.967,13.914,7346.1328379999995
South Korea,2021-11-17,3290.0,29.0,527.967,13.914,7346.1328379999995
South Korea,2021-11-18,3034.0,28.0,527.967,13.914,7346.1328379999995
South Korea,2021-11-19,3212.0,29.0,527.967,13.914,7346.1328379999995
South Korea,2021-11-20,3114.0,30.0,527.967,13.914,7346.1328379999995
South Korea,2021-11-21,2827.0,24.0,527.967,13.914,7346.1328379999995
South Korea,2021-11-22,2698.0,30.0,527.967,13.914,7346.1328379999995
South Korea,2021-11-23,4115.0,35.0,527.967,13.914,7346.1328379999995
South Korea,2021-11-24,3937.0,38.0,527.967,13.914,7346.1328379999995
South Korea,2021-11-25,3899.0,39.0,527.967,13.914,7346.1328379999995
South Korea,2021-11-26,4067.0,52.0,527.967,13.914,7346.1328379999995
South Korea,2021-11-27,3928.0,56.0,527.967,13.914,7346.1328379999995
South Korea,2021-11-28,3304.0,32.0,527.967,13.914,7346.1328379999995
South Korea,2021-11-29,3030.0,44.0,527.967,13.914,7346.1328379999995
South Korea,2021-11-30,5120.0,35.0,527.967,13.914,7346.1328379999995
South Korea,2021-12-01,5262.0,46.0,527.967,13.914,7346.1328379999995
South Korea,2021-12-02,4943.0,34.0,527.967,13.914,7346.1328379999995
South Korea,2021-12-03,5352.0,70.0,527.967,13.914,7346.1328379999995
South Korea,2021-12-04,5127.0,43.0,527.967,13.914,7346.1328379999995
South Korea,2021-12-05,4324.0,41.0,527.967,13.914,7346.1328379999995
South Korea,2021-12-06,4952.0,64.0,527.967,13.914,7346.1328379999995
South Korea,2021-12-07,7174.0,63.0,527.967,13.914,7346.1328379999995
South Korea,2021-12-08,7100.0,57.0,527.967,13.914,7346.1328379999995
South Korea,2021-12-09,7022.0,53.0,527.967,13.914,7346.1328379999995
South Korea,2021-12-10,6977.0,80.0,527.967,13.914,7346.1328379999995
South Korea,2021-12-11,6688.0,43.0,527.967,13.914,7346.1328379999995
South Korea,2021-12-12,5817.0,40.0,527.967,13.914,7346.1328379999995
South Korea,2021-12-13,5564.0,94.0,527.967,13.914,7346.1328379999995
South Korea,2021-12-14,7843.0,69.0,527.967,13.914,7346.1328379999995
South Korea,2021-12-15,7622.0,62.0,527.967,13.914,7346.1328379999995
South Korea,2021-12-16,7434.0,73.0,527.967,13.914,7346.1328379999995
South Korea,2021-12-17,7313.0,53.0,527.967,13.914,7346.1328379999995
South Korea,2021-12-18,6234.0,78.0,527.967,13.914,7346.1328379999995
South Korea,2021-12-19,5316.0,54.0,527.967,13.914,7346.1328379999995
South Korea,2021-12-20,5201.0,52.0,527.967,13.914,7346.1328379999995
South Korea,2021-12-21,7450.0,78.0,527.967,13.914,7346.1328379999995
South Korea,2021-12-22,6913.0,109.0,527.967,13.914,7346.1328379999995
South Korea,2021-12-23,6231.0,56.0,527.967,13.914,7346.1328379999995
South Korea,2021-12-24,5836.0,105.0,527.967,13.914,7346.1328379999995
South Korea,2021-12-25,5418.0,69.0,527.967,13.914,7346.1328379999995
South Korea,2021-12-26,4207.0,55.0,527.967,13.914,7346.1328379999995
South Korea,2021-12-27,3862.0,46.0,527.967,13.914,7346.1328379999995
South Korea,2021-12-28,5406.0,36.0,527.967,13.914,7346.1328379999995
South Korea,2021-12-29,5029.0,73.0,527.967,13.914,7346.1328379999995
South Korea,2021-12-30,4871.0,108.0,527.967,13.914,7346.1328379999995
South Korea,2021-12-31,4415.0,62.0,527.967,13.914,7346.1328379999995
South Korea,2022-01-01,3830.0,69.0,527.967,13.914,7346.1328379999995
South Korea,2022-01-02,3124.0,36.0,527.967,13.914,7346.1328379999995
South Korea,2022-01-03,3019.0,51.0,527.967,13.914,7346.1328379999995
South Korea,2022-01-04,4443.0,57.0,527.967,13.914,7346.1328379999995
South Korea,2022-01-05,4123.0,49.0,527.967,13.914,7346.1328379999995
South Korea,2022-01-06,3716.0,45.0,527.967,13.914,7346.1328379999995
South Korea,2022-01-07,3507.0,54.0,527.967,13.914,7346.1328379999995
South Korea,2022-01-08,3376.0,51.0,527.967,13.914,7346.1328379999995
South Korea,2022-01-09,2999.0,34.0,527.967,13.914,7346.1328379999995
South Korea,2022-01-10,3093.0,43.0,527.967,13.914,7346.1328379999995
South Korea,2022-01-11,4385.0,52.0,527.967,13.914,7346.1328379999995
South Korea,2022-01-12,4162.0,44.0,527.967,13.914,7346.1328379999995
South Korea,2022-01-13,4536.0,49.0,527.967,13.914,7346.1328379999995
South Korea,2022-01-14,4418.0,22.0,527.967,13.914,7346.1328379999995
South Korea,2022-01-15,4190.0,29.0,527.967,13.914,7346.1328379999995
South Korea,2022-01-16,3858.0,23.0,527.967,13.914,7346.1328379999995
South Korea,2022-01-17,4070.0,45.0,527.967,13.914,7346.1328379999995
South Korea,2022-01-18,5800.0,74.0,527.967,13.914,7346.1328379999995
South Korea,2022-01-19,6601.0,28.0,527.967,13.914,7346.1328379999995
South Korea,2022-01-20,6766.0,21.0,527.967,13.914,7346.1328379999995
South Korea,2022-01-21,7005.0,28.0,527.967,13.914,7346.1328379999995
South Korea,2022-01-22,7628.0,11.0,527.967,13.914,7346.1328379999995
South Korea,2022-01-23,7511.0,25.0,527.967,13.914,7346.1328379999995
South Korea,2022-01-24,8566.0,23.0,527.967,13.914,7346.1328379999995
South Korea,2022-01-25,13004.0,32.0,527.967,13.914,7346.1328379999995
South Korea,2022-01-26,14514.0,34.0,527.967,13.914,7346.1328379999995
South Korea,2022-01-27,16085.0,24.0,527.967,13.914,7346.1328379999995
South Korea,2022-01-28,17540.0,34.0,527.967,13.914,7346.1328379999995
South Korea,2022-01-29,17515.0,20.0,527.967,13.914,7346.1328379999995
South Korea,2022-01-30,17072.0,23.0,527.967,13.914,7346.1328379999995
South Korea,2022-01-31,18333.0,17.0,527.967,13.914,7346.1328379999995
South Korea,2022-02-01,20268.0,15.0,527.967,13.914,7346.1328379999995
South Korea,2022-02-02,22904.0,25.0,527.967,13.914,7346.1328379999995
South Korea,2022-02-03,27442.0,24.0,527.967,13.914,7346.1328379999995
South Korea,2022-02-04,36362.0,22.0,527.967,13.914,7346.1328379999995
South Korea,2022-02-05,38670.0,15.0,527.967,13.914,7346.1328379999995
South Korea,2022-02-06,35275.0,13.0,527.967,13.914,7346.1328379999995
South Korea,2022-02-07,36718.0,36.0,527.967,13.914,7346.1328379999995
South Korea,2022-02-08,49558.0,21.0,527.967,13.914,7346.1328379999995
South Korea,2022-02-09,54122.0,20.0,527.967,13.914,7346.1328379999995
South Korea,2022-02-10,53926.0,49.0,527.967,13.914,7346.1328379999995
South Korea,2022-02-11,54918.0,33.0,527.967,13.914,7346.1328379999995
South Korea,2022-02-12,56425.0,36.0,527.967,13.914,7346.1328379999995
South Korea,2022-02-13,54616.0,21.0,527.967,13.914,7346.1328379999995
South Korea,2022-02-14,57175.0,61.0,527.967,13.914,7346.1328379999995
South Korea,2022-02-15,90430.0,39.0,527.967,13.914,7346.1328379999995
South Korea,2022-02-16,93127.0,36.0,527.967,13.914,7346.1328379999995
South Korea,2022-02-17,109828.0,45.0,527.967,13.914,7346.1328379999995
South Korea,2022-02-18,102203.0,71.0,527.967,13.914,7346.1328379999995
South Korea,2022-02-19,104828.0,51.0,527.967,13.914,7346.1328379999995
South Korea,2022-02-20,95347.0,45.0,527.967,13.914,7346.1328379999995
South Korea,2022-02-21,99550.0,58.0,527.967,13.914,7346.1328379999995
South Korea,2022-02-22,171448.0,99.0,527.967,13.914,7346.1328379999995
South Korea,2022-02-23,170006.0,82.0,527.967,13.914,7346.1328379999995
South Korea,2022-02-24,165889.0,94.0,527.967,13.914,7346.1328379999995
South Korea,2022-02-25,166206.0,112.0,527.967,13.914,7346.1328379999995
Hong Kong,2021-11-30,6.0,0.0,7039.714,16.303,114768.45734200001
Hong Kong,2021-12-01,3.0,0.0,7039.714,16.303,114768.45734200001
Hong Kong,2021-12-02,6.0,0.0,7039.714,16.303,114768.45734200001
Hong Kong,2021-12-03,3.0,0.0,7039.714,16.303,114768.45734200001
Hong Kong,2021-12-04,4.0,0.0,7039.714,16.303,114768.45734200001
Hong Kong,2021-12-05,9.0,0.0,7039.714,16.303,114768.45734200001
Hong Kong,2021-12-06,5.0,0.0,7039.714,16.303,114768.45734200001
Hong Kong,2021-12-07,5.0,0.0,7039.714,16.303,114768.45734200001
Hong Kong,2021-12-08,0.0,0.0,7039.714,16.303,114768.45734200001
Hong Kong,2021-12-09,7.0,0.0,7039.714,16.303,114768.45734200001
Hong Kong,2021-12-10,4.0,0.0,7039.714,16.303,114768.45734200001
Hong Kong,2021-12-11,1.0,0.0,7039.714,16.303,114768.45734200001
Hong Kong,2021-12-12,5.0,0.0,7039.714,16.303,114768.45734200001
Hong Kong,2021-12-13,2.0,0.0,7039.714,16.303,114768.45734200001
Hong Kong,2021-12-14,5.0,0.0,7039.714,16.303,114768.45734200001
Hong Kong,2021-12-15,1.0,0.0,7039.714,16.303,114768.45734200001
Hong Kong,2021-12-16,10.0,0.0,7039.714,16.303,114768.45734200001
Hong Kong,2021-12-17,7.0,0.0,7039.714,16.303,114768.45734200001
Hong Kong,2021-12-18,5.0,0.0,7039.714,16.303,114768.45734200001
Hong Kong,2021-12-19,8.0,0.0,7039.714,16.303,114768.45734200001
Hong Kong,2021-12-20,7.0,0.0,7039.714,16.303,114768.45734200001
Hong Kong,2021-12-21,8.0,0.0,7039.714,16.303,114768.45734200001
Hong Kong,2021-12-22,7.0,0.0,7039.714,16.303,114768.45734200001
Hong Kong,2021-12-23,2.0,0.0,7039.714,16.303,114768.45734200001
Hong Kong,2021-12-24,5.0,0.0,7039.714,16.303,114768.45734200001
Hong Kong,2021-12-25,25.0,0.0,7039.714,16.303,114768.45734200001
Hong Kong,2021-12-26,9.0,0.0,7039.714,16.303,114768.45734200001
Hong Kong,2021-12-27,9.0,0.0,7039.714,16.303,114768.45734200001
Hong Kong,2021-12-28,6.0,0.0,7039.714,16.303,114768.45734200001
Hong Kong,2021-12-29,14.0,0.0,7039.714,16.303,114768.45734200001
Hong Kong,2021-12-30,12.0,0.0,7039.714,16.303,114768.45734200001
Hong Kong,2021-12-31,19.0,0.0,7039.714,16.303,114768.45734200001
Hong Kong,2022-01-01,18.0,0.0,7039.714,16.303,114768.45734200001
Hong Kong,2022-01-02,-3.0,0.0,7039.714,16.303,114768.45734200001
Hong Kong,2022-01-03,13.0,0.0,7039.714,16.303,114768.45734200001
Hong Kong,2022-01-04,13.0,0.0,7039.714,16.303,114768.45734200001
Hong Kong,2022-01-05,18.0,0.0,7039.714,16.303,114768.45734200001
Hong Kong,2022-01-06,24.0,0.0,7039.714,16.303,114768.45734200001
Hong Kong,2022-01-07,17.0,0.0,7039.714,16.303,114768.45734200001
Hong Kong,2022-01-08,21.0,0.0,7039.714,16.303,114768.45734200001
Hong Kong,2022-01-09,16.0,0.0,7039.714,16.303,114768.45734200001
Hong Kong,2022-01-10,6.0,0.0,7039.714,16.303,114768.45734200001
Hong Kong,2022-01-11,17.0,0.0,7039.714,16.303,114768.45734200001
Hong Kong,2022-01-12,12.0,0.0,7039.714,16.303,114768.45734200001
Hong Kong,2022-01-13,31.0,0.0,7039.714,16.303,114768.45734200001
Hong Kong,2022-01-14,2.0,0.0,7039.714,16.303,114768.45734200001
Hong Kong,2022-01-15,3.0,0.0,7039.714,16.303,114768.45734200001
Hong Kong,2022-01-16,7.0,0.0,7039.714,16.303,114768.45734200001
Hong Kong,2022-01-17,3.0,0.0,7039.714,16.303,114768.45734200001
Hong Kong,2022-01-18,6.0,0.0,7039.714,16.303,114768.45734200001
Hong Kong,2022-01-19,7.0,0.0,7039.714,16.303,114768.45734200001
Hong Kong,2022-01-20,27.0,0.0,7039.714,16.303,114768.45734200001
Hong Kong,2022-01-21,11.0,0.0,7039.714,16.303,114768.45734200001
Hong Kong,2022-01-22,14.0,0.0,7039.714,16.303,114768.45734200001
Hong Kong,2022-01-23,102.0,0.0,7039.714,16.303,114768.45734200001
Hong Kong,2022-01-24,70.0,0.0,7039.714,16.303,114768.45734200001
Hong Kong,2022-01-25,77.0,0.0,7039.714,16.303,114768.45734200001
Hong Kong,2022-01-26,81.0,0.0,7039.714,16.303,114768.45734200001
Hong Kong,2022-01-27,188.0,0.0,7039.714,16.303,114768.45734200001
Hong Kong,2022-01-28,83.0,0.0,7039.714,16.303,114768.45734200001
Hong Kong,2022-01-29,80.0,0.0,7039.714,16.303,114768.45734200001
Hong Kong,2022-01-30,66.0,0.0,7039.714,16.303,114768.45734200001
Hong Kong,2022-01-31,66.0,0.0,7039.714,16.303,114768.45734200001
Hong Kong,2022-02-01,84.0,0.0,7039.714,16.303,114768.45734200001
Hong Kong,2022-02-02,83.0,0.0,7039.714,16.303,114768.45734200001
Hong Kong,2022-02-03,101.0,0.0,7039.714,16.303,114768.45734200001
Hong Kong,2022-02-04,222.0,0.0,7039.714,16.303,114768.45734200001
Hong Kong,2022-02-05,253.0,0.0,7039.714,16.303,114768.45734200001
Hong Kong,2022-02-06,177.0,0.0,7039.714,16.303,114768.45734200001
Hong Kong,2022-02-07,361.0,0.0,7039.714,16.303,114768.45734200001
Hong Kong,2022-02-08,150.0,0.0,7039.714,16.303,114768.45734200001
Hong Kong,2022-02-09,635.0,2.0,7039.714,16.303,114768.45734200001
Hong Kong,2022-02-10,268.0,1.0,7039.714,16.303,114768.45734200001
Hong Kong,2022-02-11,504.0,0.0,7039.714,16.303,114768.45734200001
Hong Kong,2022-02-12,136.0,3.0,7039.714,16.303,114768.45734200001
Hong Kong,2022-02-13,327.0,0.0,7039.714,16.303,114768.45734200001
Hong Kong,2022-02-14,1448.0,2.0,7039.714,16.303,114768.45734200001
Hong Kong,2022-02-15,605.0,3.0,7039.714,16.303,114768.45734200001
Hong Kong,2022-02-16,782.0,3.0,7039.714,16.303,114768.45734200001
Hong Kong,2022-02-17,461.0,11.0,7039.714,16.303,114768.45734200001
Hong Kong,2022-02-18,1408.0,20.0,7039.714,16.303,114768.45734200001
Hong Kong,2022-02-19,378.0,0.0,7039.714,16.303,114768.45734200001
Hong Kong,2022-02-20,340.0,30.0,7039.714,16.303,114768.45734200001
Malaysia,2021-09-23,13754.0,116.0,96.254,6.293,605.72642200000007
Malaysia,2021-09-24,14554.0,250.0,96.254,6.293,605.72642200000007
Malaysia,2021-09-25,13899.0,228.0,96.254,6.293,605.72642200000007
Malaysia,2021-09-26,13104.0,278.0,96.254,6.293,605.72642200000007
Malaysia,2021-09-27,10959.0,258.0,96.254,6.293,605.72642200000007
Malaysia,2021-09-28,11332.0,240.0,96.254,6.293,605.72642200000007
Malaysia,2021-09-29,12434.0,208.0,96.254,6.293,605.72642200000007
Malaysia,2021-09-30,12735.0,192.0,96.254,6.293,605.72642200000007
Malaysia,2021-10-01,11889.0,121.0,96.254,6.293,605.72642200000007
Malaysia,2021-10-02,10915.0,109.0,96.254,6.293,605.72642200000007
Malaysia,2021-10-03,9066.0,118.0,96.254,6.293,605.72642200000007
Malaysia,2021-10-04,8075.0,76.0,96.254,6.293,605.72642200000007
Malaysia,2021-10-05,8817.0,117.0,96.254,6.293,605.72642200000007
Malaysia,2021-10-06,9380.0,105.0,96.254,6.293,605.72642200000007
Malaysia,2021-10-07,9890.0,132.0,96.254,6.293,605.72642200000007
Malaysia,2021-10-08,9751.0,78.0,96.254,6.293,605.72642200000007
Malaysia,2021-10-09,8743.0,74.0,96.254,6.293,605.72642200000007
Malaysia,2021-10-10,7373.0,64.0,96.254,6.293,605.72642200000007
Malaysia,2021-10-11,6709.0,93.0,96.254,6.293,605.72642200000007
Malaysia,2021-10-12,7276.0,103.0,96.254,6.293,605.72642200000007
Malaysia,2021-10-13,7950.0,68.0,96.254,6.293,605.72642200000007
Malaysia,2021-10-14,8084.0,88.0,96.254,6.293,605.72642200000007
Malaysia,2021-10-15,7420.0,89.0,96.254,6.293,605.72642200000007
Malaysia,2021-10-16,7509.0,88.0,96.254,6.293,605.72642200000007
Malaysia,2021-10-17,6145.0,63.0,96.254,6.293,605.72642200000007
Malaysia,2021-10-18,5434.0,72.0,96.254,6.293,605.72642200000007
Malaysia,2021-10-19,5745.0,69.0,96.254,6.293,605.72642200000007
Malaysia,2021-10-20,5516.0,76.0,96.254,6.293,605.72642200000007
Malaysia,2021-10-21,6210.0,96.0,96.254,6.293,605.72642200000007
Malaysia,2021-10-22,6630.0,78.0,96.254,6.293,605.72642200000007
Malaysia,2021-10-23,5828.0,42.0,96.254,6.293,605.72642200000007
Malaysia,2021-10-24,5666.0,46.0,96.254,6.293,605.72642200000007
Malaysia,2021-10-25,4782.0,92.0,96.254,6.293,605.72642200000007
Malaysia,2021-10-26,5726.0,84.0,96.254,6.293,605.72642200000007
Malaysia,2021-10-27,6148.0,98.0,96.254,6.293,605.72642200000007
Malaysia,2021-10-28,6377.0,95.0,96.254,6.293,605.72642200000007
Malaysia,2021-10-29,6060.0,63.0,96.254,6.293,605.72642200000007
Malaysia,2021-10-30,5854.0,44.0,96.254,6.293,605.72642200000007
Malaysia,2021-10-31,4979.0,36.0,96.254,6.293,605.72642200000007
Malaysia,2021-11-01,4626.0,63.0,96.254,6.293,605.72642200000007
Malaysia,2021-11-02,5071.0,70.0,96.254,6.293,605.72642200000007
Malaysia,2021-11-03,5291.0,46.0,96.254,6.293,605.72642200000007
Malaysia,2021-11-04,5713.0,64.0,96.254,6.293,605.72642200000007
Malaysia,2021-11-05,4922.0,47.0,96.254,6.293,605.72642200000007
Malaysia,2021-11-06,4701.0,54.0,96.254,6.293,605.72642200000007
Malaysia,2021-11-07,4343.0,35.0,96.254,6.293,605.72642200000007
Malaysia,2021-11-08,4543.0,58.0,96.254,6.293,605.72642200000007
Malaysia,2021-11-09,6321.0,78.0,96.254,6.293,605.72642200000007
Malaysia,2021-11-10,5325.0,59.0,96.254,6.293,605.72642200000007
Malaysia,2021-11-11,6323.0,49.0,96.254,6.293,605.72642200000007
Malaysia,2021-11-12,6517.0,41.0,96.254,6.293,605.72642200000007
Malaysia,2021-11-13,5809.0,55.0,96.254,6.293,605.72642200000007
Malaysia,2021-11-14,5162.0,45.0,96.254,6.293,605.72642200000007
Malaysia,2021-11-15,5143.0,53.0,96.254,6.293,605.72642200000007
Malaysia,2021-11-16,5413.0,40.0,96.254,6.293,605.72642200000007
Malaysia,2021-11-17,6288.0,68.0,96.254,6.293,605.72642200000007
Malaysia,2021-11-18,6380.0,55.0,96.254,6.293,605.72642200000007
Malaysia,2021-11-19,6355.0,45.0,96.254,6.293,605.72642200000007
Malaysia,2021-11-20,5859.0,41.0,96.254,6.293,605.72642200000007
Malaysia,2021-11-21,4854.0,24.0,96.254,6.293,605.72642200000007
Malaysia,2021-11-22,4885.0,61.0,96.254,6.293,605.72642200000007
Malaysia,2021-11-23,5594.0,47.0,96.254,6.293,605.72642200000007
Malaysia,2021-11-24,5755.0,37.0,96.254,6.293,605.72642200000007
Malaysia,2021-11-25,6144.0,48.0,96.254,6.293,605.72642200000007
Malaysia,2021-11-26,5501.0,45.0,96.254,6.293,605.72642200000007
Malaysia,2021-11-27,5097.0,40.0,96.254,6.293,605.72642200000007
Malaysia,2021-11-28,4239.0,29.0,96.254,6.293,605.72642200000007
Malaysia,2021-11-29,4087.0,61.0,96.254,6.293,605.72642200000007
Malaysia,2021-11-30,4879.0,55.0,96.254,6.293,605.72642200000007
Malaysia,2021-12-01,5439.0,49.0,96.254,6.293,605.72642200000007
Malaysia,2021-12-02,5806.0,47.0,96.254,6.293,605.72642200000007
Malaysia,2021-12-03,5551.0,17.0,96.254,6.293,605.72642200000007
Malaysia,2021-12-04,4896.0,36.0,96.254,6.293,605.72642200000007
Malaysia,2021-12-05,4298.0,40.0,96.254,6.293,605.72642200000007
Malaysia,2021-12-06,4262.0,38.0,96.254,6.293,605.72642200000007
Malaysia,2021-12-07,4965.0,66.0,96.254,6.293,605.72642200000007
Malaysia,2021-12-08,5020.0,28.0,96.254,6.293,605.72642200000007
Malaysia,2021-12-09,5446.0,41.0,96.254,6.293,605.72642200000007
Malaysia,2021-12-10,5058.0,44.0,96.254,6.293,605.72642200000007
Malaysia,2021-12-11,4626.0,31.0,96.254,6.293,605.72642200000007
Malaysia,2021-12-12,3490.0,17.0,96.254,6.293,605.72642200000007
Malaysia,2021-12-13,3504.0,29.0,96.254,6.293,605.72642200000007
Malaysia,2021-12-14,4097.0,48.0,96.254,6.293,605.72642200000007
Malaysia,2021-12-15,3900.0,33.0,96.254,6.293,605.72642200000007
Malaysia,2021-12-16,4262.0,37.0,96.254,6.293,605.72642200000007
Malaysia,2021-12-17,4362.0,18.0,96.254,6.293,605.72642200000007
Malaysia,2021-12-18,4083.0,29.0,96.254,6.293,605.72642200000007
Malaysia,2021-12-19,3108.0,19.0,96.254,6.293,605.72642200000007
Malaysia,2021-12-20,2589.0,43.0,96.254,6.293,605.72642200000007
Malaysia,2021-12-21,3140.0,57.0,96.254,6.293,605.72642200000007
Malaysia,2021-12-22,3519.0,29.0,96.254,6.293,605.72642200000007
Malaysia,2021-12-23,3510.0,44.0,96.254,6.293,605.72642200000007
Malaysia,2021-12-24,3528.0,25.0,96.254,6.293,605.72642200000007
Malaysia,2021-12-25,3160.0,25.0,96.254,6.293,605.72642200000007
Malaysia,2021-12-26,2778.0,19.0,96.254,6.293,605.72642200000007
Malaysia,2021-12-27,2757.0,35.0,96.254,6.293,605.72642200000007
Malaysia,2021-12-28,2897.0,23.0,96.254,6.293,605.72642200000007
Malaysia,2021-12-29,3683.0,36.0,96.254,6.293,605.72642200000007
Malaysia,2021-12-30,3997.0,34.0,96.254,6.293,605.72642200000007
Malaysia,2021-12-31,3573.0,25.0,96.254,6.293,605.72642200000007
Malaysia,2022-01-01,3386.0,26.0,96.254,6.293,605.72642200000007
Malaysia,2022-01-02,2882.0,19.0,96.254,6.293,605.72642200000007
Malaysia,2022-01-03,2690.0,28.0,96.254,6.293,605.72642200000007
Malaysia,2022-01-04,2842.0,31.0,96.254,6.293,605.72642200000007
Malaysia,2022-01-05,3270.0,18.0,96.254,6.293,605.72642200000007
Malaysia,2022-01-06,3543.0,19.0,96.254,6.293,605.72642200000007
Malaysia,2022-01-07,3381.0,16.0,96.254,6.293,605.72642200000007
Malaysia,2022-01-08,3251.0,11.0,96.254,6.293,605.72642200000007
Malaysia,2022-01-09,2888.0,23.0,96.254,6.293,605.72642200000007
Malaysia,2022-01-10,2641.0,18.0,96.254,6.293,605.72642200000007
Malaysia,2022-01-11,3175.0,27.0,96.254,6.293,605.72642200000007
Malaysia,2022-01-12,3198.0,15.0,96.254,6.293,605.72642200000007
Malaysia,2022-01-13,3684.0,12.0,96.254,6.293,605.72642200000007
Malaysia,2022-01-14,3346.0,12.0,96.254,6.293,605.72642200000007
Malaysia,2022-01-15,3074.0,19.0,96.254,6.293,605.72642200000007
Malaysia,2022-01-16,3010.0,12.0,96.254,6.293,605.72642200000007
Malaysia,2022-01-17,2342.0,16.0,96.254,6.293,605.72642200000007
Malaysia,2022-01-18,3245.0,9.0,96.254,6.293,605.72642200000007
Malaysia,2022-01-19,3229.0,13.0,96.254,6.293,605.72642200000007
Malaysia,2022-01-20,3764.0,22.0,96.254,6.293,605.72642200000007
Malaysia,2022-01-21,4046.0,16.0,96.254,6.293,605.72642200000007
Malaysia,2022-01-22,4116.0,13.0,96.254,6.293,605.72642200000007
Malaysia,2022-01-23,3856.0,10.0,96.254,6.293,605.72642200000007
Malaysia,2022-01-24,3214.0,10.0,96.254,6.293,605.72642200000007
Malaysia,2022-01-25,4066.0,16.0,96.254,6.293,605.72642200000007
Malaysia,2022-01-26,4744.0,12.0,96.254,6.293,605.72642200000007
Malaysia,2022-01-27,5439.0,10.0,96.254,6.293,605.72642200000007
Malaysia,2022-01-28,5522.0,12.0,96.254,6.293,605.72642200000007
Malaysia,2022-01-29,5139.0,5.0,96.254,6.293,605.72642200000007
Malaysia,2022-01-30,4915.0,8.0,96.254,6.293,605.72642200000007
Malaysia,2022-01-31,4774.0,13.0,96.254,6.293,605.72642200000007
Malaysia,2022-02-01,5566.0,7.0,96.254,6.293,605.72642200000007
Malaysia,2022-02-02,5736.0,7.0,96.254,6.293,605.72642200000007
Malaysia,2022-02-03,5720.0,8.0,96.254,6.293,605.72642200000007
Malaysia,2022-02-04,7234.0,11.0,96.254,6.293,605.72642200000007
Malaysia,2022-02-05,9117.0,14.0,96.254,6.293,605.72642200000007
Malaysia,2022-02-06,10089.0,9.0,96.254,6.293,605.72642200000007
Malaysia,2022-02-07,11034.0,9.0,96.254,6.293,605.72642200000007
Malaysia,2022-02-08,13944.0,13.0,96.254,6.293,605.72642200000007
Malaysia,2022-02-09,17134.0,9.0,96.254,6.293,605.72642200000007
Malaysia,2022-02-10,19090.0,10.0,96.254,6.293,605.72642200000007
Malaysia,2022-02-11,20939.0,24.0,96.254,6.293,605.72642200000007
Malaysia,2022-02-12,22802.0,15.0,96.254,6.293,605.72642200000007
Malaysia,2022-02-13,21072.0,11.0,96.254,6.293,605.72642200000007
Malaysia,2022-02-14,24340.0,24.0,96.254,6.293,605.72642200000007
Malaysia,2022-02-15,19108.0,31.0,96.254,6.293,605.72642200000007
Malaysia,2022-02-16,27831.0,21.0,96.254,6.293,605.72642200000007
Malaysia,2022-02-17,26701.0,39.0,96.254,6.293,605.72642200000007
Malaysia,2022-02-18,27808.0,36.0,96.254,6.293,605.72642200000007
Malaysia,2022-02-19,28825.0,34.0,96.254,6.293,605.72642200000007
Malaysia,2022-02-20,26832.0,37.0,96.254,6.293,605.72642200000007
Malaysia,2022-02-21,25099.0,43.0,96.254,6.293,605.72642200000007
Malaysia,2022-02-22,27179.0,43.0,96.254,6.293,605.72642200000007
Malaysia,2022-02-23,31199.0,55.0,96.254,6.293,605.72642200000007
Malaysia,2022-02-24,32070.0,46.0,96.254,6.293,605.72642200000007
Malaysia,2022-02-25,30644.0,57.0,96.254,6.293,605.72642200000007
Malaysia,2022-02-26,27299.0,43.0,96.254,6.293,605.72642200000007
Japan,2021-09-30,1575.0,42.0,347.778,27.049,9407.047122
Japan,2021-10-03,967.0,17.0,347.778,27.049,9407.047122
Japan,2021-10-04,599.0,24.0,347.778,27.049,9407.047122
Japan,2021-10-05,979.0,36.0,347.778,27.049,9407.047122
Japan,2021-10-06,1125.0,26.0,347.778,27.049,9407.047122
Japan,2021-10-07,972.0,39.0,347.778,27.049,9407.047122
Japan,2021-10-10,553.0,10.0,347.778,27.049,9407.047122
Japan,2021-10-11,369.0,20.0,347.778,27.049,9407.047122
Japan,2021-10-12,607.0,29.0,347.778,27.049,9407.047122
Japan,2021-10-13,731.0,33.0,347.778,27.049,9407.047122
Japan,2021-10-14,617.0,33.0,347.778,27.049,9407.047122
Japan,2021-10-17,428.0,13.0,347.778,27.049,9407.047122
Japan,2021-10-18,230.0,17.0,347.778,27.049,9407.047122
Japan,2021-10-19,371.0,27.0,347.778,27.049,9407.047122
Japan,2021-10-20,388.0,10.0,347.778,27.049,9407.047122
Japan,2021-10-21,343.0,16.0,347.778,27.049,9407.047122
Japan,2021-10-24,232.0,8.0,347.778,27.049,9407.047122
Japan,2021-10-25,151.0,7.0,347.778,27.049,9407.047122
Japan,2021-10-27,310.0,7.0,347.778,27.049,9407.047122
Japan,2021-10-28,273.0,9.0,347.778,27.049,9407.047122
Japan,2021-10-31,228.0,7.0,347.778,27.049,9407.047122
Japan,2021-11-01,84.0,7.0,347.778,27.049,9407.047122
Japan,2021-11-03,264.0,8.0,347.778,27.049,9407.047122
Japan,2021-11-04,158.0,6.0,347.778,27.049,9407.047122
Japan,2021-11-07,157.0,0.0,347.778,27.049,9407.047122
Japan,2021-11-08,100.0,3.0,347.778,27.049,9407.047122
Japan,2021-11-09,194.0,3.0,347.778,27.049,9407.047122
Japan,2021-11-11,207.0,4.0,347.778,27.049,9407.047122
Japan,2021-11-14,126.0,2.0,347.778,27.049,9407.047122
Japan,2021-11-15,74.0,1.0,347.778,27.049,9407.047122
Japan,2021-11-16,144.0,4.0,347.778,27.049,9407.047122
Japan,2021-11-17,199.0,5.0,347.778,27.049,9407.047122
Japan,2021-11-18,148.0,5.0,347.778,27.049,9407.047122
Japan,2021-11-21,135.0,0.0,347.778,27.049,9407.047122
Japan,2021-11-23,107.0,2.0,347.778,27.049,9407.047122
Japan,2021-11-24,73.0,2.0,347.778,27.049,9407.047122
Japan,2021-11-25,112.0,2.0,347.778,27.049,9407.047122
Japan,2021-11-28,60.0,0.0,347.778,27.049,9407.047122
Japan,2021-11-29,76.0,1.0,347.778,27.049,9407.047122
Japan,2021-11-30,81.0,2.0,347.778,27.049,9407.047122
Japan,2021-12-02,113.0,1.0,347.778,27.049,9407.047122
Japan,2021-12-05,104.0,0.0,347.778,27.049,9407.047122
Japan,2021-12-06,54.0,1.0,347.778,27.049,9407.047122
Japan,2021-12-08,122.0,3.0,347.778,27.049,9407.047122
Japan,2021-12-09,154.0,1.0,347.778,27.049,9407.047122
Japan,2021-12-12,98.0,0.0,347.778,27.049,9407.047122
Japan,2021-12-13,67.0,1.0,347.778,27.049,9407.047122
Japan,2021-12-14,128.0,1.0,347.778,27.049,9407.047122
Japan,2021-12-15,159.0,1.0,347.778,27.049,9407.047122
Japan,2021-12-16,163.0,3.0,347.778,27.049,9407.047122
Japan,2021-12-20,109.0,1.0,347.778,27.049,9407.047122
Japan,2021-12-21,218.0,2.0,347.778,27.049,9407.047122
Japan,2021-12-22,220.0,2.0,347.778,27.049,9407.047122
Japan,2021-12-23,247.0,2.0,347.778,27.049,9407.047122
Japan,2021-12-27,163.0,0.0,347.778,27.049,9407.047122
Japan,2021-12-28,313.0,2.0,347.778,27.049,9407.047122
Japan,2022-01-10,6265.0,2.0,347.778,27.049,9407.047122
Japan,2022-01-11,6235.0,2.0,347.778,27.049,9407.047122
Japan,2022-01-12,13044.0,5.0,347.778,27.049,9407.047122
Japan,2022-01-13,18677.0,4.0,347.778,27.049,9407.047122
Japan,2022-01-16,25479.0,0.0,347.778,27.049,9407.047122
Japan,2022-01-17,20823.0,4.0,347.778,27.049,9407.047122
Japan,2022-01-18,32087.0,10.0,347.778,27.049,9407.047122
Japan,2022-01-19,41370.0,15.0,347.778,27.049,9407.047122
Japan,2022-01-20,45997.0,9.0,347.778,27.049,9407.047122
Japan,2022-01-23,49837.0,14.0,347.778,27.049,9407.047122
Japan,2022-01-24,44663.0,17.0,347.778,27.049,9407.047122
Japan,2022-01-25,62489.0,43.0,347.778,27.049,9407.047122
Japan,2022-01-26,71487.0,34.0,347.778,27.049,9407.047122
Japan,2022-01-27,78736.0,47.0,347.778,27.049,9407.047122
Japan,2022-01-30,78003.0,30.0,347.778,27.049,9407.047122
Japan,2022-01-31,60858.0,48.0,347.778,27.049,9407.047122
Japan,2022-02-01,81593.0,70.0,347.778,27.049,9407.047122
Japan,2022-02-02,94771.0,82.0,347.778,27.049,9407.047122
Japan,2022-02-03,104345.0,90.0,347.778,27.049,9407.047122
Japan,2022-02-06,89818.0,68.0,347.778,27.049,9407.047122
Japan,2022-02-07,67939.0,113.0,347.778,27.049,9407.047122
Japan,2022-02-08,101084.0,159.0,347.778,27.049,9407.047122
Japan,2022-02-09,97799.0,162.0,347.778,27.049,9407.047122
Japan,2022-02-13,77380.0,137.0,347.778,27.049,9407.047122
Japan,2022-02-14,60053.0,149.0,347.778,27.049,9407.047122
Japan,2022-02-15,84158.0,236.0,347.778,27.049,9407.047122
Japan,2022-02-16,90885.0,230.0,347.778,27.049,9407.047122
Japan,2022-02-17,95115.0,271.0,347.778,27.049,9407.047122
Japan,2022-02-20,71494.0,159.0,347.778,27.049,9407.047122
Japan,2022-02-21,51909.0,173.0,347.778,27.049,9407.047122
Japan,2022-02-24,61152.0,206.0,347.778,27.049,9407.047122
China,2021-08-26,32.0,0.0,147.674,10.641,1571.399034
China,2021-09-06,36.0,0.0,147.674,10.641,1571.399034
China,2021-09-15,80.0,0.0,147.674,10.641,1571.399034
China,2021-09-18,66.0,0.0,147.674,10.641,1571.399034
China,2021-09-28,25.0,0.0,147.674,10.641,1571.399034
China,2021-10-23,44.0,0.0,147.674,10.641,1571.399034
China,2021-10-29,78.0,0.0,147.674,10.641,1571.399034
China,2021-11-05,60.0,0.0,147.674,10.641,1571.399034
China,2021-11-12,75.0,0.0,147.674,10.641,1571.399034
China,2021-11-19,23.0,0.0,147.674,10.641,1571.399034
China,2021-11-29,39.0,0.0,147.674,10.641,1571.399034
China,2021-12-03,90.0,0.0,147.674,10.641,1571.399034
China,2021-12-10,87.0,0.0,147.674,10.641,1571.399034
China,2021-12-17,125.0,0.0,147.674,10.641,1571.399034
China,2021-12-19,102.0,0.0,147.674,10.641,1571.399034
China,2021-12-25,46.0,0.0,147.674,10.641,1571.399034
China,2021-12-28,197.0,0.0,147.674,10.641,1571.399034
China,2022-01-06,174.0,0.0,147.674,10.641,1571.399034
China,2022-01-07,159.0,0.0,147.674,10.641,1571.399034
China,2022-01-14,165.0,0.0,147.674,10.641,1571.399034
China,2022-01-21,63.0,0.0,147.674,10.641,1571.399034
China,2022-01-28,59.0,0.0,147.674,10.641,1571.399034
China,2022-02-07,105.0,0.0,147.674,10.641,1571.399034
China,2022-02-18,137.0,0.0,147.674,10.641,1571.399034
China,2022-02-25,249.0,0.0,147.674,10.641,1571.399034
Israel,2021-09-12,6571.0,45.0,402.606,11.733,4723.7761980000005
Israel,2021-09-13,11800.0,23.0,402.606,11.733,4723.7761980000005
Israel,2021-09-14,10730.0,32.0,402.606,11.733,4723.7761980000005
Israel,2021-09-15,7429.0,14.0,402.606,11.733,4723.7761980000005
Israel,2021-09-16,6191.0,13.0,402.606,11.733,4723.7761980000005
Israel,2021-09-17,3040.0,29.0,402.606,11.733,4723.7761980000005
Israel,2021-09-18,8954.0,17.0,402.606,11.733,4723.7761980000005
Israel,2021-09-19,7732.0,30.0,402.606,11.733,4723.7761980000005
Israel,2021-09-20,6935.0,14.0,402.606,11.733,4723.7761980000005
Israel,2021-09-21,7198.0,12.0,402.606,11.733,4723.7761980000005
Israel,2021-09-22,5371.0,25.0,402.606,11.733,4723.7761980000005
Israel,2021-09-23,6718.0,19.0,402.606,11.733,4723.7761980000005
Israel,2021-09-24,2249.0,0.0,402.606,11.733,4723.7761980000005
Israel,2021-09-25,6345.0,38.0,402.606,11.733,4723.7761980000005
Israel,2021-09-26,3261.0,26.0,402.606,11.733,4723.7761980000005
Israel,2021-09-27,4024.0,9.0,402.606,11.733,4723.7761980000005
Israel,2021-09-28,4165.0,8.0,402.606,11.733,4723.7761980000005
Israel,2021-09-29,2875.0,40.0,402.606,11.733,4723.7761980000005
Israel,2021-09-30,4948.0,29.0,402.606,11.733,4723.7761980000005
Israel,2021-10-01,3352.0,5.0,402.606,11.733,4723.7761980000005
Israel,2021-10-02,2407.0,12.0,402.606,11.733,4723.7761980000005
Israel,2021-10-03,2152.0,43.0,402.606,11.733,4723.7761980000005
Israel,2021-10-04,3369.0,22.0,402.606,11.733,4723.7761980000005
Israel,2021-10-05,2845.0,12.0,402.606,11.733,4723.7761980000005
Israel,2021-10-06,2246.0,7.0,402.606,11.733,4723.7761980000005
Israel,2021-10-07,2379.0,20.0,402.606,11.733,4723.7761980000005
Israel,2021-10-08,1809.0,3.0,402.606,11.733,4723.7761980000005
Israel,2021-10-09,1579.0,12.0,402.606,11.733,4723.7761980000005
Israel,2021-10-10,1355.0,23.0,402.606,11.733,4723.7761980000005
Israel,2021-10-11,2159.0,20.0,402.606,11.733,4723.7761980000005
Israel,2021-10-12,1868.0,12.0,402.606,11.733,4723.7761980000005
Israel,2021-10-13,1557.0,7.0,402.606,11.733,4723.7761980000005
Israel,2021-10-14,1613.0,13.0,402.606,11.733,4723.7761980000005
Israel,2021-10-15,1305.0,4.0,402.606,11.733,4723.7761980000005
Israel,2021-10-16,1104.0,7.0,402.606,11.733,4723.7761980000005
Israel,2021-10-17,1000.0,16.0,402.606,11.733,4723.7761980000005
Israel,2021-10-18,1441.0,11.0,402.606,11.733,4723.7761980000005
Israel,2021-10-19,1243.0,11.0,402.606,11.733,4723.7761980000005
Israel,2021-10-20,901.0,8.0,402.606,11.733,4723.7761980000005
Israel,2021-10-21,1060.0,7.0,402.606,11.733,4723.7761980000005
Israel,2021-10-22,932.0,3.0,402.606,11.733,4723.7761980000005
Israel,2021-10-23,501.0,7.0,402.606,11.733,4723.7761980000005
Israel,2021-10-24,684.0,3.0,402.606,11.733,4723.7761980000005
Israel,2021-10-25,961.0,13.0,402.606,11.733,4723.7761980000005
Israel,2021-10-26,857.0,1.0,402.606,11.733,4723.7761980000005
Israel,2021-10-27,599.0,10.0,402.606,11.733,4723.7761980000005
Israel,2021-10-28,675.0,8.0,402.606,11.733,4723.7761980000005
Israel,2021-10-29,571.0,4.0,402.606,11.733,4723.7761980000005
Israel,2021-10-30,384.0,0.0,402.606,11.733,4723.7761980000005
Israel,2021-10-31,332.0,15.0,402.606,11.733,4723.7761980000005
Israel,2021-11-01,760.0,3.0,402.606,11.733,4723.7761980000005
Israel,2021-11-02,3379.0,3.0,402.606,11.733,4723.7761980000005
Israel,2021-11-03,650.0,3.0,402.606,11.733,4723.7761980000005
Israel,2021-11-04,554.0,3.0,402.606,11.733,4723.7761980000005
Israel,2021-11-05,462.0,0.0,402.606,11.733,4723.7761980000005
Israel,2021-11-06,342.0,2.0,402.606,11.733,4723.7761980000005
Israel,2021-11-07,384.0,8.0,402.606,11.733,4723.7761980000005
Israel,2021-11-08,777.0,2.0,402.606,11.733,4723.7761980000005
Israel,2021-11-09,418.0,6.0,402.606,11.733,4723.7761980000005
Israel,2021-11-10,470.0,3.0,402.606,11.733,4723.7761980000005
Israel,2021-11-11,520.0,5.0,402.606,11.733,4723.7761980000005
Israel,2021-11-12,413.0,2.0,402.606,11.733,4723.7761980000005
Israel,2021-11-13,295.0,0.0,402.606,11.733,4723.7761980000005
Israel,2021-11-14,308.0,3.0,402.606,11.733,4723.7761980000005
Israel,2021-11-15,591.0,0.0,402.606,11.733,4723.7761980000005
Israel,2021-11-16,452.0,5.0,402.606,11.733,4723.7761980000005
Israel,2021-11-17,580.0,6.0,402.606,11.733,4723.7761980000005
Israel,2021-11-18,445.0,0.0,402.606,11.733,4723.7761980000005
Israel,2021-11-19,465.0,0.0,402.606,11.733,4723.7761980000005
Israel,2021-11-20,361.0,0.0,402.606,11.733,4723.7761980000005
Israel,2021-11-21,351.0,22.0,402.606,11.733,4723.7761980000005
Israel,2021-11-22,701.0,1.0,402.606,11.733,4723.7761980000005
Israel,2021-11-23,-1149.0,1.0,402.606,11.733,4723.7761980000005
Israel,2021-11-24,494.0,2.0,402.606,11.733,4723.7761980000005
Israel,2021-11-25,607.0,2.0,402.606,11.733,4723.7761980000005
Israel,2021-11-26,453.0,0.0,402.606,11.733,4723.7761980000005
Israel,2021-11-27,340.0,2.0,402.606,11.733,4723.7761980000005
Israel,2021-11-28,329.0,5.0,402.606,11.733,4723.7761980000005
Israel,2021-11-29,766.0,6.0,402.606,11.733,4723.7761980000005
Israel,2021-11-30,684.0,1.0,402.606,11.733,4723.7761980000005
Israel,2021-12-01,443.0,3.0,402.606,11.733,4723.7761980000005
Israel,2021-12-02,565.0,0.0,402.606,11.733,4723.7761980000005
Israel,2021-12-03,415.0,0.0,402.606,11.733,4723.7761980000005
Israel,2021-12-04,359.0,0.0,402.606,11.733,4723.7761980000005
Israel,2021-12-05,473.0,5.0,402.606,11.733,4723.7761980000005
Israel,2021-12-06,755.0,5.0,402.606,11.733,4723.7761980000005
Israel,2021-12-07,804.0,1.0,402.606,11.733,4723.7761980000005
Israel,2021-12-08,755.0,0.0,402.606,11.733,4723.7761980000005
Israel,2021-12-09,571.0,0.0,402.606,11.733,4723.7761980000005
Israel,2021-12-10,585.0,0.0,402.606,11.733,4723.7761980000005
Israel,2021-12-11,356.0,0.0,402.606,11.733,4723.7761980000005
Israel,2021-12-12,474.0,6.0,402.606,11.733,4723.7761980000005
Israel,2021-12-13,800.0,7.0,402.606,11.733,4723.7761980000005
Israel,2021-12-14,761.0,1.0,402.606,11.733,4723.7761980000005
Israel,2021-12-15,627.0,3.0,402.606,11.733,4723.7761980000005
Israel,2021-12-16,878.0,3.0,402.606,11.733,4723.7761980000005
Israel,2021-12-17,720.0,0.0,402.606,11.733,4723.7761980000005
Israel,2021-12-18,696.0,2.0,402.606,11.733,4723.7761980000005
Israel,2021-12-19,794.0,0.0,402.606,11.733,4723.7761980000005
Israel,2021-12-20,1356.0,0.0,402.606,11.733,4723.7761980000005
Israel,2021-12-21,1120.0,0.0,402.606,11.733,4723.7761980000005
Israel,2021-12-22,1200.0,7.0,402.606,11.733,4723.7761980000005
Israel,2021-12-23,1745.0,2.0,402.606,11.733,4723.7761980000005
Israel,2021-12-24,1351.0,0.0,402.606,11.733,4723.7761980000005
Israel,2021-12-25,1455.0,0.0,402.606,11.733,4723.7761980000005
Israel,2021-12-26,1241.0,1.0,402.606,11.733,4723.7761980000005
Israel,2021-12-27,3046.0,0.0,402.606,11.733,4723.7761980000005
Israel,2021-12-28,2995.0,1.0,402.606,11.733,4723.7761980000005
Israel,2021-12-29,3446.0,0.0,402.606,11.733,4723.7761980000005
Israel,2021-12-30,5600.0,0.0,402.606,11.733,4723.7761980000005
Israel,2021-12-31,3886.0,0.0,402.606,11.733,4723.7761980000005
Israel,2022-01-01,6121.0,1.0,402.606,11.733,4723.7761980000005
Israel,2022-01-02,5060.0,0.0,402.606,11.733,4723.7761980000005
Israel,2022-01-03,9803.0,3.0,402.606,11.733,4723.7761980000005
Israel,2022-01-04,6882.0,0.0,402.606,11.733,4723.7761980000005
Israel,2022-01-05,17232.0,6.0,402.606,11.733,4723.7761980000005
Israel,2022-01-06,19418.0,6.0,402.606,11.733,4723.7761980000005
Israel,2022-01-07,14745.0,0.0,402.606,11.733,4723.7761980000005
Israel,2022-01-08,22398.0,0.0,402.606,11.733,4723.7761980000005
Israel,2022-01-09,17491.0,10.0,402.606,11.733,4723.7761980000005
Israel,2022-01-10,54515.0,2.0,402.606,11.733,4723.7761980000005
Israel,2022-01-11,31502.0,3.0,402.606,11.733,4723.7761980000005
Israel,2022-01-12,80523.0,16.0,402.606,11.733,4723.7761980000005
Israel,2022-01-13,25883.0,3.0,402.606,11.733,4723.7761980000005
Israel,2022-01-14,23477.0,5.0,402.606,11.733,4723.7761980000005
Israel,2022-01-15,54647.0,6.0,402.606,11.733,4723.7761980000005
Israel,2022-01-16,18501.0,14.0,402.606,11.733,4723.7761980000005
Israel,2022-01-17,0.0,0.0,402.606,11.733,4723.7761980000005
Israel,2022-01-18,0.0,0.0,402.606,11.733,4723.7761980000005
Israel,2022-01-19,243295.0,44.0,402.606,11.733,4723.7761980000005
Israel,2022-01-20,68513.0,8.0,402.606,11.733,4723.7761980000005
Israel,2022-01-21,64071.0,1.0,402.606,11.733,4723.7761980000005
Israel,2022-01-22,44580.0,22.0,402.606,11.733,4723.7761980000005
Israel,2022-01-23,0.0,0.0,402.606,11.733,4723.7761980000005
Israel,2022-01-24,212234.0,88.0,402.606,11.733,4723.7761980000005
Israel,2022-01-25,80643.0,21.0,402.606,11.733,4723.7761980000005
Israel,2022-01-26,93983.0,11.0,402.606,11.733,4723.7761980000005
Israel,2022-01-27,60271.0,43.0,402.606,11.733,4723.7761980000005
Israel,2022-01-28,45376.0,43.0,402.606,11.733,4723.7761980000005
Israel,2022-01-29,53928.0,59.0,402.606,11.733,4723.7761980000005
Israel,2022-01-30,71130.0,67.0,402.606,11.733,4723.7761980000005
Israel,2022-01-31,70415.0,80.0,402.606,11.733,4723.7761980000005
Israel,2022-02-01,65875.0,121.0,402.606,11.733,4723.7761980000005
Israel,2022-02-02,70691.0,1.0,402.606,11.733,4723.7761980000005
Israel,2022-02-03,58677.0,86.0,402.606,11.733,4723.7761980000005
Israel,2022-02-04,15488.0,98.0,402.606,11.733,4723.7761980000005
Israel,2022-02-05,31511.0,27.0,402.606,11.733,4723.7761980000005
Israel,2022-02-06,53730.0,42.0,402.606,11.733,4723.7761980000005
Israel,2022-02-07,50878.0,46.0,402.606,11.733,4723.7761980000005
Israel,2022-02-08,38854.0,77.0,402.606,11.733,4723.7761980000005
Israel,2022-02-09,29955.0,34.0,402.606,11.733,4723.7761980000005
Israel,2022-02-10,31422.0,62.0,402.606,11.733,4723.7761980000005
Israel,2022-02-11,27047.0,35.0,402.606,11.733,4723.7761980000005
Israel,2022-02-12,20061.0,32.0,402.606,11.733,4723.7761980000005
Israel,2022-02-13,31338.0,78.0,402.606,11.733,4723.7761980000005
Israel,2022-02-14,25430.0,80.0,402.606,11.733,4723.7761980000005
Israel,2022-02-15,22594.0,27.0,402.606,11.733,4723.7761980000005
Israel,2022-02-16,17838.0,36.0,402.606,11.733,4723.7761980000005
Israel,2022-02-17,19910.0,110.0,402.606,11.733,4723.7761980000005
Israel,2022-02-18,11589.0,31.0,402.606,11.733,4723.7761980000005
Israel,2022-02-19,11598.0,14.0,402.606,11.733,4723.7761980000005
Israel,2022-02-20,17803.0,129.0,402.606,11.733,4723.7761980000005
Israel,2022-02-21,13951.0,30.0,402.606,11.733,4723.7761980000005
Israel,2022-02-22,10107.0,37.0,402.606,11.733,4723.7761980000005
Israel,2022-02-23,12410.0,37.0,402.606,11.733,4723.7761980000005
Israel,2022-02-24,12571.0,30.0,402.606,11.733,4723.7761980000005
Israel,2022-02-25,5607.0,9.0,402.606,11.733,4723.7761980000005
Israel,2022-02-26,7720.0,12.0,402.606,11.733,4723.7761980000005
Turkey,2021-12-15,19872.0,193.0,104.914,8.153,855.36384200000009
Turkey,2021-12-16,18100.0,167.0,104.914,8.153,855.36384200000009
Turkey,2021-12-17,18141.0,190.0,104.914,8.153,855.36384200000009
Turkey,2021-12-18,17644.0,191.0,104.914,8.153,855.36384200000009
Turkey,2021-12-19,16910.0,171.0,104.914,8.153,855.36384200000009
Turkey,2021-12-20,18762.0,176.0,104.914,8.153,855.36384200000009
Turkey,2021-12-21,19859.0,187.0,104.914,8.153,855.36384200000009
Turkey,2021-12-22,19095.0,179.0,104.914,8.153,855.36384200000009
Turkey,2021-12-23,18771.0,168.0,104.914,8.153,855.36384200000009
Turkey,2021-12-24,18910.0,133.0,104.914,8.153,855.36384200000009
Turkey,2021-12-25,20470.0,0.0,104.914,8.153,855.36384200000009
Turkey,2021-12-26,20138.0,318.0,104.914,8.153,855.36384200000009
Turkey,2021-12-27,26099.0,157.0,104.914,8.153,855.36384200000009
Turkey,2021-12-28,32176.0,184.0,104.914,8.153,855.36384200000009
Turkey,2021-12-29,36684.0,0.0,104.914,8.153,855.36384200000009
Turkey,2021-12-30,39681.0,281.0,104.914,8.153,855.36384200000009
Turkey,2021-12-31,40786.0,163.0,104.914,8.153,855.36384200000009
Turkey,2022-01-01,36731.0,145.0,104.914,8.153,855.36384200000009
Turkey,2022-01-02,33520.0,129.0,104.914,8.153,855.36384200000009
Turkey,2022-01-03,44869.0,160.0,104.914,8.153,855.36384200000009
Turkey,2022-01-05,66467.0,143.0,104.914,8.153,855.36384200000009
Turkey,2022-01-06,68413.0,156.0,104.914,8.153,855.36384200000009
Turkey,2022-01-07,63214.0,157.0,104.914,8.153,855.36384200000009
Turkey,2022-01-08,66237.0,141.0,104.914,8.153,855.36384200000009
Turkey,2022-01-09,61727.0,173.0,104.914,8.153,855.36384200000009
Turkey,2022-01-10,65236.0,141.0,104.914,8.153,855.36384200000009
Turkey,2022-01-11,74266.0,137.0,104.914,8.153,855.36384200000009
Turkey,2022-01-12,77722.0,145.0,104.914,8.153,855.36384200000009
Turkey,2022-01-13,75564.0,153.0,104.914,8.153,855.36384200000009
Turkey,2022-01-14,67857.0,0.0,104.914,8.153,855.36384200000009
Turkey,2022-01-15,63967.0,344.0,104.914,8.153,855.36384200000009
Turkey,2022-01-16,54100.0,136.0,104.914,8.153,855.36384200000009
Turkey,2022-01-17,64935.0,162.0,104.914,8.153,855.36384200000009
Turkey,2022-01-18,69658.0,157.0,104.914,8.153,855.36384200000009
Turkey,2022-01-19,72615.0,176.0,104.914,8.153,855.36384200000009
Turkey,2022-01-20,71843.0,166.0,104.914,8.153,855.36384200000009
Turkey,2022-01-21,72555.0,181.0,104.914,8.153,855.36384200000009
Turkey,2022-01-22,72856.0,184.0,104.914,8.153,855.36384200000009
Turkey,2022-01-23,65503.0,185.0,104.914,8.153,855.36384200000009
Turkey,2022-01-24,67023.0,156.0,104.914,8.153,855.36384200000009
Turkey,2022-01-25,76341.0,174.0,104.914,8.153,855.36384200000009
Turkey,2022-01-26,77434.0,188.0,104.914,8.153,855.36384200000009
Turkey,2022-01-27,82180.0,174.0,104.914,8.153,855.36384200000009
Turkey,2022-01-28,93586.0,210.0,104.914,8.153,855.36384200000009
Turkey,2022-01-29,94783.0,174.0,104.914,8.153,855.36384200000009
Turkey,2022-01-30,88145.0,189.0,104.914,8.153,855.36384200000009
Turkey,2022-01-31,93261.0,182.0,104.914,8.153,855.36384200000009
Turkey,2022-02-01,102601.0,198.0,104.914,8.153,855.36384200000009
Turkey,2022-02-02,110682.0,217.0,104.914,8.153,855.36384200000009
Turkey,2022-02-03,107530.0,233.0,104.914,8.153,855.36384200000009
Turkey,2022-02-04,111157.0,248.0,104.914,8.153,855.36384200000009
Turkey,2022-02-05,98715.0,221.0,104.914,8.153,855.36384200000009
Turkey,2022-02-06,87934.0,201.0,104.914,8.153,855.36384200000009
Turkey,2022-02-07,96514.0,236.0,104.914,8.153,855.36384200000009
Turkey,2022-02-08,111096.0,241.0,104.914,8.153,855.36384200000009
Turkey,2022-02-09,108563.0,266.0,104.914,8.153,855.36384200000009
Turkey,2022-02-10,98602.0,264.0,104.914,8.153,855.36384200000009
Turkey,2022-02-11,95065.0,253.0,104.914,8.153,855.36384200000009
Turkey,2022-02-12,86193.0,272.0,104.914,8.153,855.36384200000009
Turkey,2022-02-13,73787.0,276.0,104.914,8.153,855.36384200000009
Turkey,2022-02-14,76632.0,266.0,104.914,8.153,855.36384200000009
Turkey,2022-02-15,94730.0,309.0,104.914,8.153,855.36384200000009
Turkey,2022-02-16,94176.0,271.0,104.914,8.153,855.36384200000009
Turkey,2022-02-17,92406.0,258.0,104.914,8.153,855.36384200000009
Turkey,2022-02-18,87411.0,264.0,104.914,8.153,855.36384200000009
Turkey,2022-02-19,80454.0,278.0,104.914,8.153,855.36384200000009
Turkey,2022-02-20,70355.0,263.0,104.914,8.153,855.36384200000009
Turkey,2022-02-21,85026.0,268.0,104.914,8.153,855.36384200000009
Turkey,2022-02-22,86070.0,271.0,104.914,8.153,855.36384200000009
Turkey,2022-02-23,86600.0,268.0,104.914,8.153,855.36384200000009
Turkey,2022-02-24,79708.0,281.0,104.914,8.153,855.36384200000009
Turkey,2022-02-25,71736.0,266.0,104.914,8.153,855.36384200000009
Turkey,2022-02-26,61764.0,221.0,104.914,8.153,855.36384200000009
Macao,2021-11-22,0.0,,20546.766,9.798,201317.213268
Macao,2021-11-23,0.0,,20546.766,9.798,201317.213268
Macao,2021-11-24,0.0,,20546.766,9.798,201317.213268
Macao,2021-11-26,0.0,,20546.766,9.798,201317.213268
Macao,2021-11-28,0.0,,20546.766,9.798,201317.213268
Macao,2021-11-30,0.0,,20546.766,9.798,201317.213268
Macao,2021-12-02,0.0,,20546.766,9.798,201317.213268
Macao,2021-12-03,0.0,,20546.766,9.798,201317.213268
Macao,2021-12-04,0.0,,20546.766,9.798,201317.213268
Macao,2021-12-05,0.0,,20546.766,9.798,201317.213268
Macao,2021-12-07,0.0,,20546.766,9.798,201317.213268
Macao,2021-12-09,0.0,,20546.766,9.798,201317.213268
Macao,2021-12-11,0.0,,20546.766,9.798,201317.213268
Macao,2021-12-13,0.0,,20546.766,9.798,201317.213268
Macao,2021-12-15,0.0,,20546.766,9.798,201317.213268
Macao,2021-12-16,0.0,,20546.766,9.798,201317.213268
Macao,2021-12-17,0.0,,20546.766,9.798,201317.213268
Macao,2021-12-18,0.0,,20546.766,9.798,201317.213268
Macao,2021-12-20,0.0,,20546.766,9.798,201317.213268
Macao,2021-12-22,0.0,,20546.766,9.798,201317.213268
Macao,2021-12-23,0.0,,20546.766,9.798,201317.213268
Macao,2021-12-25,0.0,,20546.766,9.798,201317.213268
Macao,2021-12-27,1.0,,20546.766,9.798,201317.213268
Macao,2021-12-29,0.0,,20546.766,9.798,201317.213268
Macao,2021-12-30,1.0,,20546.766,9.798,201317.213268
Macao,2022-01-01,0.0,,20546.766,9.798,201317.213268
Macao,2022-01-02,0.0,,20546.766,9.798,201317.213268
Macao,2022-01-03,0.0,,20546.766,9.798,201317.213268
Macao,2022-01-04,0.0,,20546.766,9.798,201317.213268
Macao,2022-01-05,0.0,,20546.766,9.798,201317.213268
Macao,2022-01-06,0.0,,20546.766,9.798,201317.213268
Macao,2022-01-07,0.0,,20546.766,9.798,201317.213268
Macao,2022-01-09,0.0,,20546.766,9.798,201317.213268
Macao,2022-01-10,0.0,,20546.766,9.798,201317.213268
Macao,2022-01-11,0.0,,20546.766,9.798,201317.213268
Macao,2022-01-12,0.0,,20546.766,9.798,201317.213268
Macao,2022-01-13,0.0,,20546.766,9.798,201317.213268
Macao,2022-01-14,0.0,,20546.766,9.798,201317.213268
Macao,2022-01-15,0.0,,20546.766,9.798,201317.213268
Macao,2022-01-16,0.0,,20546.766,9.798,201317.213268
Macao,2022-01-17,0.0,,20546.766,9.798,201317.213268
Macao,2022-01-18,0.0,,20546.766,9.798,201317.213268
Macao,2022-01-19,0.0,,20546.766,9.798,201317.213268
Macao,2022-01-20,0.0,,20546.766,9.798,201317.213268
Macao,2022-01-21,0.0,,20546.766,9.798,201317.213268
Macao,2022-01-22,0.0,,20546.766,9.798,201317.213268
Macao,2022-01-23,0.0,,20546.766,9.798,201317.213268
Macao,2022-01-24,0.0,,20546.766,9.798,201317.213268
Macao,2022-01-25,0.0,,20546.766,9.798,201317.213268
Macao,2022-01-26,0.0,,20546.766,9.798,201317.213268
Macao,2022-01-27,0.0,,20546.766,9.798,201317.213268
Macao,2022-01-28,0.0,,20546.766,9.798,201317.213268
Macao,2022-01-29,0.0,,20546.766,9.798,201317.213268
Macao,2022-01-31,0.0,,20546.766,9.798,201317.213268
Macao,2022-02-01,0.0,,20546.766,9.798,201317.213268
Macao,2022-02-02,0.0,,20546.766,9.798,201317.213268
Macao,2022-02-03,0.0,,20546.766,9.798,201317.213268
Macao,2022-02-04,0.0,,20546.766,9.798,201317.213268
Macao,2022-02-06,0.0,,20546.766,9.798,201317.213268
Macao,2022-02-08,0.0,,20546.766,9.798,201317.213268
Macao,2022-02-09,0.0,,20546.766,9.798,201317.213268
Macao,2022-02-10,0.0,,20546.766,9.798,201317.213268
Macao,2022-02-11,0.0,,20546.766,9.798,201317.213268
Macao,2022-02-13,0.0,,20546.766,9.798,201317.213268
Macao,2022-02-14,0.0,,20546.766,9.798,201317.213268
Macao,2022-02-15,0.0,,20546.766,9.798,201317.213268
Macao,2022-02-16,0.0,,20546.766,9.798,201317.213268
Macao,2022-02-17,0.0,,20546.766,9.798,201317.213268
Macao,2022-02-18,0.0,,20546.766,9.798,201317.213268
Macao,2022-02-19,0.0,,20546.766,9.798,201317.213268
Macao,2022-02-20,0.0,,20546.766,9.798,201317.213268
Macao,2022-02-21,0.0,,20546.766,9.798,201317.213268
Macao,2022-02-22,1.0,,20546.766,9.798,201317.213268
Macao,2022-02-23,0.0,,20546.766,9.798,201317.213268
Macao,2022-02-24,0.0,,20546.766,9.798,201317.213268
Macao,2022-02-25,0.0,,20546.766,9.798,201317.213268
Sri Lanka,2021-10-22,1115.0,12.0,341.955,10.069,3443.144895
Sri Lanka,2021-10-23,554.0,19.0,341.955,10.069,3443.144895
Sri Lanka,2021-10-24,555.0,18.0,341.955,10.069,3443.144895
Sri Lanka,2021-10-25,561.0,29.0,341.955,10.069,3443.144895
Sri Lanka,2021-10-26,556.0,14.0,341.955,10.069,3443.144895
Sri Lanka,2021-10-27,1119.0,20.0,341.955,10.069,3443.144895
Sri Lanka,2021-10-28,540.0,22.0,341.955,10.069,3443.144895
Sri Lanka,2021-11-03,581.0,21.0,341.955,10.069,3443.144895
Sri Lanka,2021-11-04,592.0,15.0,341.955,10.069,3443.144895
Sri Lanka,2021-11-05,628.0,15.0,341.955,10.069,3443.144895
Sri Lanka,2021-11-06,617.0,20.0,341.955,10.069,3443.144895
Sri Lanka,2021-11-07,626.0,15.0,341.955,10.069,3443.144895
Sri Lanka,2021-11-08,679.0,19.0,341.955,10.069,3443.144895
Sri Lanka,2021-11-09,718.0,17.0,341.955,10.069,3443.144895
Sri Lanka,2021-11-10,693.0,16.0,341.955,10.069,3443.144895
Sri Lanka,2021-11-11,715.0,19.0,341.955,10.069,3443.144895
Sri Lanka,2021-11-13,716.0,22.0,341.955,10.069,3443.144895
Sri Lanka,2021-11-14,1843.0,23.0,341.955,10.069,3443.144895
Sri Lanka,2021-11-15,931.0,21.0,341.955,10.069,3443.144895
Sri Lanka,2021-11-16,720.0,18.0,341.955,10.069,3443.144895
Sri Lanka,2021-11-17,728.0,23.0,341.955,10.069,3443.144895
Sri Lanka,2021-11-18,737.0,15.0,341.955,10.069,3443.144895
Sri Lanka,2021-11-19,745.0,14.0,341.955,10.069,3443.144895
Sri Lanka,2021-11-20,725.0,22.0,341.955,10.069,3443.144895
Sri Lanka,2021-11-21,697.0,19.0,341.955,10.069,3443.144895
Sri Lanka,2021-11-22,735.0,31.0,341.955,10.069,3443.144895
Sri Lanka,2021-11-23,1499.0,24.0,341.955,10.069,3443.144895
Sri Lanka,2021-11-24,745.0,23.0,341.955,10.069,3443.144895
Sri Lanka,2021-11-25,740.0,27.0,341.955,10.069,3443.144895
Sri Lanka,2021-11-26,714.0,26.0,341.955,10.069,3443.144895
Sri Lanka,2021-11-28,742.0,27.0,341.955,10.069,3443.144895
Sri Lanka,2021-11-29,747.0,23.0,341.955,10.069,3443.144895
Sri Lanka,2021-11-30,722.0,18.0,341.955,10.069,3443.144895
Sri Lanka,2021-12-01,744.0,26.0,341.955,10.069,3443.144895
Sri Lanka,2021-12-02,738.0,27.0,341.955,10.069,3443.144895
Sri Lanka,2021-12-03,725.0,20.0,341.955,10.069,3443.144895
Sri Lanka,2021-12-05,746.0,21.0,341.955,10.069,3443.144895
Sri Lanka,2021-12-06,741.0,23.0,341.955,10.069,3443.144895
Sri Lanka,2021-12-07,748.0,21.0,341.955,10.069,3443.144895
Sri Lanka,2021-12-08,757.0,28.0,341.955,10.069,3443.144895
Sri Lanka,2021-12-09,744.0,22.0,341.955,10.069,3443.144895
Sri Lanka,2021-12-11,762.0,22.0,341.955,10.069,3443.144895
Sri Lanka,2021-12-12,714.0,19.0,341.955,10.069,3443.144895
Sri Lanka,2021-12-13,747.0,27.0,341.955,10.069,3443.144895
Sri Lanka,2021-12-14,2545.0,20.0,341.955,10.069,3443.144895
Sri Lanka,2021-12-15,772.0,16.0,341.955,10.069,3443.144895
Sri Lanka,2021-12-16,758.0,21.0,341.955,10.069,3443.144895
Sri Lanka,2021-12-17,715.0,22.0,341.955,10.069,3443.144895
Sri Lanka,2021-12-18,695.0,14.0,341.955,10.069,3443.144895
Sri Lanka,2021-12-19,551.0,18.0,341.955,10.069,3443.144895
Sri Lanka,2021-12-20,524.0,19.0,341.955,10.069,3443.144895
Sri Lanka,2021-12-21,713.0,24.0,341.955,10.069,3443.144895
Sri Lanka,2021-12-22,673.0,16.0,341.955,10.069,3443.144895
Sri Lanka,2021-12-23,554.0,21.0,341.955,10.069,3443.144895
Sri Lanka,2021-12-24,573.0,20.0,341.955,10.069,3443.144895
Sri Lanka,2021-12-25,529.0,19.0,341.955,10.069,3443.144895
Sri Lanka,2021-12-26,398.0,13.0,341.955,10.069,3443.144895
Sri Lanka,2021-12-27,458.0,17.0,341.955,10.069,3443.144895
Sri Lanka,2021-12-28,479.0,22.0,341.955,10.069,3443.144895
Sri Lanka,2021-12-29,1597.0,21.0,341.955,10.069,3443.144895
Sri Lanka,2021-12-30,563.0,18.0,341.955,10.069,3443.144895
Sri Lanka,2021-12-31,499.0,17.0,341.955,10.069,3443.144895
Sri Lanka,2022-01-01,351.0,18.0,341.955,10.069,3443.144895
Sri Lanka,2022-01-02,339.0,22.0,341.955,10.069,3443.144895
Sri Lanka,2022-01-03,365.0,18.0,341.955,10.069,3443.144895
Sri Lanka,2022-01-04,629.0,18.0,341.955,10.069,3443.144895
Sri Lanka,2022-01-05,550.0,10.0,341.955,10.069,3443.144895
Sri Lanka,2022-01-06,584.0,18.0,341.955,10.069,3443.144895
Sri Lanka,2022-01-07,588.0,16.0,341.955,10.069,3443.144895
Sri Lanka,2022-01-08,580.0,13.0,341.955,10.069,3443.144895
Sri Lanka,2022-01-09,436.0,7.0,341.955,10.069,3443.144895
Sri Lanka,2022-01-10,461.0,15.0,341.955,10.069,3443.144895
Sri Lanka,2022-01-11,944.0,15.0,341.955,10.069,3443.144895
Sri Lanka,2022-01-13,594.0,11.0,341.955,10.069,3443.144895
Sri Lanka,2022-01-15,661.0,7.0,341.955,10.069,3443.144895
Sri Lanka,2022-01-16,690.0,14.0,341.955,10.069,3443.144895
Sri Lanka,2022-01-17,688.0,7.0,341.955,10.069,3443.144895
Sri Lanka,2022-01-18,672.0,13.0,341.955,10.069,3443.144895
Sri Lanka,2022-01-19,829.0,12.0,341.955,10.069,3443.144895
Sri Lanka,2022-01-20,827.0,12.0,341.955,10.069,3443.144895
Sri Lanka,2022-01-21,840.0,17.0,341.955,10.069,3443.144895
Sri Lanka,2022-01-22,845.0,12.0,341.955,10.069,3443.144895
Sri Lanka,2022-01-23,838.0,15.0,341.955,10.069,3443.144895
Sri Lanka,2022-01-24,877.0,14.0,341.955,10.069,3443.144895
Sri Lanka,2022-01-25,891.0,17.0,341.955,10.069,3443.144895
Sri Lanka,2022-01-26,927.0,16.0,341.955,10.069,3443.144895
Sri Lanka,2022-01-27,2523.0,23.0,341.955,10.069,3443.144895
Sri Lanka,2022-01-28,961.0,17.0,341.955,10.069,3443.144895
Sri Lanka,2022-01-29,982.0,14.0,341.955,10.069,3443.144895
Sri Lanka,2022-01-30,1056.0,20.0,341.955,10.069,3443.144895
Sri Lanka,2022-01-31,1082.0,21.0,341.955,10.069,3443.144895
Sri Lanka,2022-02-01,1137.0,33.0,341.955,10.069,3443.144895
Sri Lanka,2022-02-02,1156.0,18.0,341.955,10.069,3443.144895
Sri Lanka,2022-02-03,1181.0,23.0,341.955,10.069,3443.144895
Sri Lanka,2022-02-05,1287.0,28.0,341.955,10.069,3443.144895
Sri Lanka,2022-02-06,1331.0,23.0,341.955,10.069,3443.144895
Sri Lanka,2022-02-07,2212.0,26.0,341.955,10.069,3443.144895
Sri Lanka,2022-02-08,1253.0,35.0,341.955,10.069,3443.144895
Sri Lanka,2022-02-09,1263.0,36.0,341.955,10.069,3443.144895
Sri Lanka,2022-02-10,1297.0,31.0,341.955,10.069,3443.144895
Sri Lanka,2022-02-11,1259.0,31.0,341.955,10.069,3443.144895
Sri Lanka,2022-02-12,1162.0,23.0,341.955,10.069,3443.144895
Sri Lanka,2022-02-13,1150.0,31.0,341.955,10.069,3443.144895
Sri Lanka,2022-02-14,1231.0,36.0,341.955,10.069,3443.144895
Sri Lanka,2022-02-15,1252.0,30.0,341.955,10.069,3443.144895
Sri Lanka,2022-02-16,1217.0,25.0,341.955,10.069,3443.144895
Sri Lanka,2022-02-17,1235.0,27.0,341.955,10.069,3443.144895
Sri Lanka,2022-02-18,1282.0,23.0,341.955,10.069,3443.144895
Sri Lanka,2022-02-19,1273.0,20.0,341.955,10.069,3443.144895
Sri Lanka,2022-02-20,1231.0,25.0,341.955,10.069,3443.144895
Sri Lanka,2022-02-21,1206.0,30.0,341.955,10.069,3443.144895
Sri Lanka,2022-02-22,1254.0,31.0,341.955,10.069,3443.144895
Sri Lanka,2022-02-23,1281.0,31.0,341.955,10.069,3443.144895
Sri Lanka,2022-02-24,1208.0,30.0,341.955,10.069,3443.144895
Sri Lanka,2022-02-25,1286.0,26.0,341.955,10.069,3443.144895
Thailand,2021-12-01,4886.0,43.0,135.132,11.373,1536.8562359999999
Thailand,2021-12-02,4971.0,33.0,135.132,11.373,1536.8562359999999
Thailand,2021-12-03,4912.0,33.0,135.132,11.373,1536.8562359999999
Thailand,2021-12-04,5896.0,37.0,135.132,11.373,1536.8562359999999
Thailand,2021-12-05,4704.0,27.0,135.132,11.373,1536.8562359999999
Thailand,2021-12-06,4000.0,22.0,135.132,11.373,1536.8562359999999
Thailand,2021-12-07,3525.0,31.0,135.132,11.373,1536.8562359999999
Thailand,2021-12-08,3618.0,38.0,135.132,11.373,1536.8562359999999
Thailand,2021-12-09,4203.0,49.0,135.132,11.373,1536.8562359999999
Thailand,2021-12-10,4193.0,28.0,135.132,11.373,1536.8562359999999
Thailand,2021-12-11,4079.0,39.0,135.132,11.373,1536.8562359999999
Thailand,2021-12-12,3787.0,20.0,135.132,11.373,1536.8562359999999
Thailand,2021-12-13,3398.0,23.0,135.132,11.373,1536.8562359999999
Thailand,2021-12-14,2862.0,37.0,135.132,11.373,1536.8562359999999
Thailand,2021-12-15,3370.0,29.0,135.132,11.373,1536.8562359999999
Thailand,2021-12-16,3684.0,26.0,135.132,11.373,1536.8562359999999
Thailand,2021-12-17,3537.0,41.0,135.132,11.373,1536.8562359999999
Thailand,2021-12-18,3132.0,28.0,135.132,11.373,1536.8562359999999
Thailand,2021-12-19,2899.0,22.0,135.132,11.373,1536.8562359999999
Thailand,2021-12-20,2525.0,31.0,135.132,11.373,1536.8562359999999
Thailand,2021-12-21,2476.0,32.0,135.132,11.373,1536.8562359999999
Thailand,2021-12-22,2532.0,31.0,135.132,11.373,1536.8562359999999
Thailand,2021-12-23,2940.0,30.0,135.132,11.373,1536.8562359999999
Thailand,2021-12-24,2671.0,27.0,135.132,11.373,1536.8562359999999
Thailand,2021-12-25,2766.0,30.0,135.132,11.373,1536.8562359999999
Thailand,2021-12-26,2532.0,22.0,135.132,11.373,1536.8562359999999
Thailand,2021-12-27,2437.0,18.0,135.132,11.373,1536.8562359999999
Thailand,2021-12-28,2305.0,32.0,135.132,11.373,1536.8562359999999
Thailand,2021-12-29,2575.0,17.0,135.132,11.373,1536.8562359999999
Thailand,2021-12-30,3037.0,25.0,135.132,11.373,1536.8562359999999
Thailand,2021-12-31,3111.0,26.0,135.132,11.373,1536.8562359999999
Thailand,2022-01-01,3011.0,10.0,135.132,11.373,1536.8562359999999
Thailand,2022-01-02,3112.0,12.0,135.132,11.373,1536.8562359999999
Thailand,2022-01-03,2927.0,18.0,135.132,11.373,1536.8562359999999
Thailand,2022-01-04,3091.0,12.0,135.132,11.373,1536.8562359999999
Thailand,2022-01-05,3899.0,19.0,135.132,11.373,1536.8562359999999
Thailand,2022-01-06,5775.0,11.0,135.132,11.373,1536.8562359999999
Thailand,2022-01-07,7526.0,19.0,135.132,11.373,1536.8562359999999
Thailand,2022-01-08,8263.0,14.0,135.132,11.373,1536.8562359999999
Thailand,2022-01-09,8511.0,12.0,135.132,11.373,1536.8562359999999
Thailand,2022-01-10,7926.0,13.0,135.132,11.373,1536.8562359999999
Thailand,2022-01-11,7133.0,12.0,135.132,11.373,1536.8562359999999
Thailand,2022-01-12,15848.0,19.0,135.132,11.373,1536.8562359999999
Thailand,2022-01-13,8158.0,14.0,135.132,11.373,1536.8562359999999
Thailand,2022-01-14,7793.0,15.0,135.132,11.373,1536.8562359999999
Thailand,2022-01-15,8077.0,18.0,135.132,11.373,1536.8562359999999
Thailand,2022-01-16,6929.0,9.0,135.132,11.373,1536.8562359999999
Thailand,2022-01-17,6397.0,13.0,135.132,11.373,1536.8562359999999
Thailand,2022-01-18,7122.0,18.0,135.132,11.373,1536.8562359999999
Thailand,2022-01-19,8129.0,12.0,135.132,11.373,1536.8562359999999
Thailand,2022-01-20,8640.0,19.0,135.132,11.373,1536.8562359999999
Thailand,2022-01-21,8112.0,13.0,135.132,11.373,1536.8562359999999
Thailand,2022-01-22,7686.0,19.0,135.132,11.373,1536.8562359999999
Thailand,2022-01-23,7139.0,13.0,135.132,11.373,1536.8562359999999
Thailand,2022-01-24,6718.0,13.0,135.132,11.373,1536.8562359999999
Thailand,2022-01-25,7587.0,12.0,135.132,11.373,1536.8562359999999
Thailand,2022-01-26,8078.0,19.0,135.132,11.373,1536.8562359999999
Thailand,2022-01-27,8450.0,22.0,135.132,11.373,1536.8562359999999
Thailand,2022-01-28,8618.0,28.0,135.132,11.373,1536.8562359999999
Thailand,2022-01-29,8444.0,19.0,135.132,11.373,1536.8562359999999
Thailand,2022-01-30,8008.0,12.0,135.132,11.373,1536.8562359999999
Thailand,2022-01-31,7422.0,28.0,135.132,11.373,1536.8562359999999
Thailand,2022-02-01,8587.0,22.0,135.132,11.373,1536.8562359999999
Thailand,2022-02-02,9172.0,21.0,135.132,11.373,1536.8562359999999
Thailand,2022-02-03,9909.0,22.0,135.132,11.373,1536.8562359999999
Thailand,2022-02-04,10490.0,21.0,135.132,11.373,1536.8562359999999
Thailand,2022-02-05,10879.0,20.0,135.132,11.373,1536.8562359999999
Thailand,2022-02-06,10470.0,12.0,135.132,11.373,1536.8562359999999
Thailand,2022-02-07,10398.0,17.0,135.132,11.373,1536.8562359999999
Thailand,2022-02-08,13182.0,24.0,135.132,11.373,1536.8562359999999
Thailand,2022-02-09,14822.0,20.0,135.132,11.373,1536.8562359999999
Thailand,2022-02-10,15242.0,23.0,135.132,11.373,1536.8562359999999
Thailand,2022-02-11,16330.0,25.0,135.132,11.373,1536.8562359999999
Thailand,2022-02-12,15882.0,24.0,135.132,11.373,1536.8562359999999
Thailand,2022-02-13,14900.0,26.0,135.132,11.373,1536.8562359999999
Thailand,2022-02-14,14373.0,27.0,135.132,11.373,1536.8562359999999
Thailand,2022-02-15,16462.0,27.0,135.132,11.373,1536.8562359999999
Thailand,2022-02-16,17349.0,22.0,135.132,11.373,1536.8562359999999
Thailand,2022-02-17,18066.0,27.0,135.132,11.373,1536.8562359999999
Thailand,2022-02-18,18885.0,29.0,135.132,11.373,1536.8562359999999
Thailand,2022-02-19,18953.0,30.0,135.132,11.373,1536.8562359999999
Thailand,2022-02-20,18883.0,32.0,135.132,11.373,1536.8562359999999
Thailand,2022-02-21,18363.0,35.0,135.132,11.373,1536.8562359999999
Thailand,2022-02-22,21232.0,39.0,135.132,11.373,1536.8562359999999
Thailand,2022-02-23,23557.0,38.0,135.132,11.373,1536.8562359999999
Thailand,2022-02-24,24932.0,41.0,135.132,11.373,1536.8562359999999
Thailand,2022-02-25,25615.0,40.0,135.132,11.373,1536.8562359999999
Thailand,2022-02-26,24719.0,42.0,135.132,11.373,1536.8562359999999
Vietnam,2021-12-30,19868.0,291.0,308.127,7.15,2203.1080500000003
Vietnam,2022-01-13,16725.0,206.0,308.127,7.15,2203.1080500000003
Vietnam,2022-02-04,11594.0,84.0,308.127,7.15,2203.1080500000003
Vietnam,2022-02-10,26032.0,74.0,308.127,7.15,2203.1080500000003
Vietnam,2022-02-11,26487.0,96.0,308.127,7.15,2203.1080500000003
Vietnam,2022-02-12,27311.0,78.0,308.127,7.15,2203.1080500000003
Vietnam,2022-02-13,26379.0,84.0,308.127,7.15,2203.1080500000003
Vietnam,2022-02-23,81856.0,91.0,308.127,7.15,2203.1080500000003
Vietnam,2022-02-24,69128.0,111.0,308.127,7.15,2203.1080500000003
Vietnam,2022-02-25,78795.0,78.0,308.127,7.15,2203.1080500000003