location,date,new_cases,new_deaths,Fully_Vac_Population,weekly_hosp_admissions,weekly_icu_admissions
United Arab Emirates,5/7/2021,1573,5,63.35598453,,
United Arab Emirates,6/7/2021,1552,4,63.65373003,,
United Arab Emirates,7/7/2021,1513,4,64.04683056,,
United Arab Emirates,8/7/2021,1539,2,64.34454603,,
United Arab Emirates,9/7/2021,1529,4,64.64242165,,
United Arab Emirates,10/7/2021,1520,7,64.93927635,,
United Arab Emirates,11/7/2021,1518,6,65.1356915,,
United Arab Emirates,12/7/2021,1542,4,65.33334775,,
United Arab Emirates,13/7/2021,1522,6,65.6329449,,
United Arab Emirates,14/7/2021,1529,4,66.02637572,,
United Arab Emirates,15/7/2021,1541,5,67.11669796,,
United Arab Emirates,16/7/2021,1530,7,67.31396386,,
United Arab Emirates,18/7/2021,1529,2,67.41177108,,
United Arab Emirates,19/7/2021,1508,2,67.41215142,,
United Arab Emirates,20/7/2021,1541,4,67.71102792,,
United Arab Emirates,26/7/2021,1549,7,68.20682002,,
United Arab Emirates,27/7/2021,1539,2,68.70183142,,
United Arab Emirates,28/7/2021,1527,5,68.99622393,,
United Arab Emirates,29/7/2021,1550,5,69.19383014,,
United Arab Emirates,31/7/2021,1537,6,69.78888074,,
United Arab Emirates,2/8/2021,1537,5,69.98566622,,
United Arab Emirates,3/8/2021,1548,4,70.28252092,,
United Arab Emirates,4/8/2021,1519,5,70.48404062,,
United Arab Emirates,5/8/2021,1508,2,70.77863331,,
United Arab Emirates,6/8/2021,1520,2,70.97919215,,
United Arab Emirates,7/8/2021,1545,2,71.27368474,,
United Arab Emirates,8/8/2021,1410,4,71.37194236,,
United Arab Emirates,9/8/2021,1321,3,71.47102071,,
United Arab Emirates,10/8/2021,1334,4,71.76968703,,
United Arab Emirates,11/8/2021,1287,6,71.86807476,,
United Arab Emirates,12/8/2021,1260,4,71.96696294,,
United Arab Emirates,13/8/2021,1215,2,72.06645165,,
United Arab Emirates,15/8/2021,1189,4,72.16405869,,
United Arab Emirates,16/8/2021,1109,2,72.26541907,,
United Arab Emirates,17/8/2021,1115,3,72.46098346,,
United Arab Emirates,18/8/2021,1089,3,72.65902005,,
United Arab Emirates,19/8/2021,1077,3,72.85860802,,
United Arab Emirates,20/8/2021,1070,2,73.15457193,,
United Arab Emirates,21/8/2021,1066,4,73.35508073,,
United Arab Emirates,24/8/2021,990,2,73.55062509,,
United Arab Emirates,25/8/2021,983,2,74.04535624,,
United Arab Emirates,26/8/2021,991,3,74.24224181,,
United Arab Emirates,1/9/2021,985,2,76.02540185,,
United Arab Emirates,3/9/2021,978,1,76.32489891,,
United Arab Emirates,4/9/2021,984,1,76.52070351,,
United Arab Emirates,6/9/2021,977,2,76.71768916,,
United Arab Emirates,7/9/2021,952,2,77.11369228,,
United Arab Emirates,9/9/2021,772,4,77.60944434,,
United Arab Emirates,10/9/2021,744,3,77.90893139,,
United Arab Emirates,11/9/2021,725,2,78.20378431,,
United Arab Emirates,12/9/2021,620,0,78.30474434,,
United Arab Emirates,13/9/2021,632,2,78.50282097,,
United Arab Emirates,14/9/2021,617,2,78.79748372,,
United Arab Emirates,15/9/2021,608,2,79.19428755,,
United Arab Emirates,16/9/2021,564,1,79.49263358,,
United Arab Emirates,17/9/2021,521,2,79.78904789,,
United Arab Emirates,18/9/2021,471,2,80.18282903,,
United Arab Emirates,19/9/2021,391,2,80.28419942,,
United Arab Emirates,20/9/2021,313,2,80.37971459,,
United Arab Emirates,21/9/2021,322,1,80.77726909,,
United Arab Emirates,22/9/2021,318,2,80.97629656,,
United Arab Emirates,23/9/2021,329,3,81.17316211,,
United Arab Emirates,24/9/2021,303,3,81.47261913,,
United Arab Emirates,25/9/2021,321,3,81.7683028,,
United Arab Emirates,27/9/2021,286,4,81.86668052,,
United Arab Emirates,28/9/2021,277,0,82.16188375,,
United Arab Emirates,29/9/2021,270,1,82.45999958,,
United Arab Emirates,30/9/2021,265,2,82.55795693,,
United Arab Emirates,1/10/2021,276,3,82.85838482,,
United Arab Emirates,3/10/2021,184,2,83.15495928,,
United Arab Emirates,4/10/2021,189,1,83.34999319,,
United Arab Emirates,5/10/2021,176,1,83.54916079,,
United Arab Emirates,6/10/2021,156,3,83.74582615,,
United Arab Emirates,7/10/2021,144,2,83.94710563,,
United Arab Emirates,8/10/2021,136,2,84.14461175,,
United Arab Emirates,9/10/2021,146,2,84.33960563,,
United Arab Emirates,10/10/2021,111,0,84.34202779,,
United Arab Emirates,13/10/2021,126,1,84.83471712,,
United Arab Emirates,14/10/2021,116,1,84.93606749,,
United Arab Emirates,15/10/2021,104,1,85.13429425,,
United Arab Emirates,17/10/2021,99,2,85.33030904,,
United Arab Emirates,18/10/2021,104,0,85.43115896,,
United Arab Emirates,19/10/2021,122,2,85.62706365,,
United Arab Emirates,20/10/2021,112,2,85.72931483,,
United Arab Emirates,21/10/2021,94,2,85.82776262,,
United Arab Emirates,24/10/2021,94,1,86.02241619,,
United Arab Emirates,26/10/2021,90,3,86.12440713,,
United Arab Emirates,27/10/2021,95,1,86.22343544,,
United Arab Emirates,28/10/2021,88,0,86.42111171,,
United Arab Emirates,29/10/2021,82,1,86.5174376,,
United Arab Emirates,30/10/2021,88,0,86.61733668,,
United Arab Emirates,31/10/2021,81,0,86.81586371,,
United Arab Emirates,1/11/2021,78,0,86.91450166,,
United Arab Emirates,2/11/2021,74,1,87.01261915,,
United Arab Emirates,3/11/2021,79,0,87.11402958,,
United Arab Emirates,4/11/2021,73,0,87.21267754,,
United Arab Emirates,5/11/2021,80,1,87.31032462,,
United Arab Emirates,6/11/2021,73,1,87.41050395,,
United Arab Emirates,7/11/2021,70,1,87.50843127,,
United Arab Emirates,8/11/2021,68,2,87.60721936,,
United Arab Emirates,9/11/2021,72,0,87.70762889,,
United Arab Emirates,10/11/2021,75,0,87.80772815,,
United Arab Emirates,11/11/2021,82,0,87.90518505,,
United Arab Emirates,12/11/2021,72,0,88.20335093,,
United Arab Emirates,15/11/2021,61,1,88.40138752,,
United Arab Emirates,16/11/2021,68,0,88.51850195,,
United Arab Emirates,17/11/2021,74,0,88.58779374,,
United Arab Emirates,18/11/2021,66,0,88.66699436,,
United Arab Emirates,19/11/2021,77,0,88.74618497,,
United Arab Emirates,20/11/2021,79,0,88.84517324,,
United Arab Emirates,21/11/2021,63,0,88.89466737,,
United Arab Emirates,22/11/2021,67,0,88.94417152,,
United Arab Emirates,23/11/2021,70,0,89.11245157,,
United Arab Emirates,24/11/2021,73,1,89.16194571,,
United Arab Emirates,25/11/2021,77,0,89.22134868,,
United Arab Emirates,26/11/2021,70,0,89.27084281,,
United Arab Emirates,27/11/2021,68,0,89.3401346,,
United Arab Emirates,28/11/2021,60,1,89.39952756,,
United Arab Emirates,29/11/2021,58,0,89.41932521,,
United Arab Emirates,30/11/2021,65,1,89.49852584,,
United Arab Emirates,1/12/2021,68,1,89.57771645,,
United Arab Emirates,6/12/2021,48,1,89.72619885,,
United Arab Emirates,7/12/2021,62,0,89.82519713,,
United Arab Emirates,8/12/2021,69,0,89.90438774,,
United Arab Emirates,9/12/2021,60,0,89.98357836,,
United Arab Emirates,10/12/2021,74,2,90.08257663,,
United Arab Emirates,11/12/2021,78,0,90.18224551,,
United Arab Emirates,12/12/2021,83,0,90.1832464,,
United Arab Emirates,14/12/2021,110,0,90.28132386,,
United Arab Emirates,24/12/2021,1352,1,90.67644619,,
United Arab Emirates,3/1/2022,2515,1,91.27209733,,
United Arab Emirates,4/1/2022,2581,1,91.27221744,,
United Arab Emirates,5/1/2022,2708,0,91.36807291,,
United Arab Emirates,6/1/2022,2687,0,91.46773178,,
United Arab Emirates,8/1/2022,2655,3,91.56755079,,
United Arab Emirates,10/1/2022,2562,0,91.66568829,,
United Arab Emirates,11/1/2022,2511,3,91.76386584,,
United Arab Emirates,12/1/2022,2616,4,91.86650736,,
United Arab Emirates,13/1/2022,2683,1,91.96312352,,
United Arab Emirates,14/1/2022,3068,3,91.96541556,,
United Arab Emirates,17/1/2022,2989,4,92.16204089,,
United Arab Emirates,19/1/2022,2902,2,92.25936768,,
United Arab Emirates,20/1/2022,3014,4,92.35845604,,
United Arab Emirates,22/1/2022,3020,4,92.55905491,,
United Arab Emirates,24/1/2022,2629,5,92.65654184,,
United Arab Emirates,25/1/2022,2504,5,92.65670198,,
United Arab Emirates,26/1/2022,2369,4,92.75468936,,
United Arab Emirates,27/1/2022,2638,4,92.85523902,,
United Arab Emirates,28/1/2022,2545,2,92.95485785,,
United Arab Emirates,29/1/2022,2355,5,93.0522547,,
United Arab Emirates,30/1/2022,2291,1,93.05251493,,
United Arab Emirates,2/2/2022,2163,3,93.35128134,,
United Arab Emirates,3/2/2022,2232,2,93.44949892,,
United Arab Emirates,4/2/2022,2114,5,93.54680569,,
United Arab Emirates,5/2/2022,1991,4,93.54691578,,
United Arab Emirates,7/2/2022,1704,1,93.64721522,,
United Arab Emirates,8/2/2022,1615,4,93.74460206,,
United Arab Emirates,10/2/2022,1588,5,93.84320999,,
United Arab Emirates,11/2/2022,1474,5,93.94308905,,
United Arab Emirates,12/2/2022,1395,1,94.04352861,,
United Arab Emirates,13/2/2022,1266,1,94.14205647,,
United Arab Emirates,14/2/2022,1191,2,94.14214655,,
United Arab Emirates,15/2/2022,930,1,94.1429873,,
United Arab Emirates,16/2/2022,957,1,94.24002383,,
United Arab Emirates,17/2/2022,895,1,94.33931236,,
United Arab Emirates,19/2/2022,790,1,94.43677928,,
United Arab Emirates,20/2/2022,725,1,94.53777934,,
United Arab Emirates,21/2/2022,651,2,94.53831982,,
United Arab Emirates,22/2/2022,626,1,94.5391906,,
United Arab Emirates,23/2/2022,740,1,94.63717797,,
United Arab Emirates,24/2/2022,782,1,94.73456481,,
United Arab Emirates,25/2/2022,696,1,94.73486508,,
United Arab Emirates,26/2/2022,644,1,94.83618543,,
Bahrain,28/7/2021,115,0,60.03923823,,
Bahrain,29/7/2021,128,1,60.13212873,,
Bahrain,30/7/2021,106,0,60.19487558,,
Bahrain,31/7/2021,106,0,60.35508882,,
Bahrain,1/8/2021,117,0,60.46193577,,
Bahrain,2/8/2021,98,0,60.55671383,,
Bahrain,3/8/2021,94,0,60.62621011,,
Bahrain,4/8/2021,122,0,60.69467681,,
Bahrain,5/8/2021,120,0,60.75845324,,
Bahrain,6/8/2021,111,0,60.79300118,,
Bahrain,7/8/2021,101,0,60.83178182,,
Bahrain,8/8/2021,111,0,60.89916175,,
Bahrain,9/8/2021,101,0,60.92718906,,
Bahrain,10/8/2021,129,0,60.97769541,,
Bahrain,11/8/2021,161,0,61.06458006,,
Bahrain,12/8/2021,139,0,61.11748875,,
Bahrain,13/8/2021,102,0,61.155869,,
Bahrain,14/8/2021,124,0,61.19933993,,
Bahrain,15/8/2021,103,0,61.27970394,,
Bahrain,16/8/2021,106,0,61.3459399,,
Bahrain,17/8/2021,105,0,61.39598866,,
Bahrain,18/8/2021,127,1,61.43619927,,
Bahrain,19/8/2021,96,0,61.4792126,,
Bahrain,20/8/2021,79,0,61.51484732,,
Bahrain,21/8/2021,102,1,61.56180736,,
Bahrain,22/8/2021,97,0,61.65052237,,
Bahrain,23/8/2021,84,1,61.71647233,,
Bahrain,24/8/2021,88,0,61.77161177,,
Bahrain,25/8/2021,130,1,61.85912561,,
Bahrain,26/8/2021,109,0,61.9241032,,
Bahrain,27/8/2021,106,0,61.9522449,,
Bahrain,28/8/2021,98,0,62.06498331,,
Bahrain,29/8/2021,95,0,62.15489949,,
Bahrain,30/8/2021,112,0,62.20191672,,
Bahrain,31/8/2021,87,0,62.25757095,,
Bahrain,1/9/2021,95,0,62.31236719,,
Bahrain,2/9/2021,74,0,62.3724829,,
Bahrain,3/9/2021,98,0,62.41120635,,
Bahrain,4/9/2021,109,0,62.45164575,,
Bahrain,5/9/2021,92,0,62.50249529,,
Bahrain,6/9/2021,105,0,62.54934093,,
Bahrain,7/9/2021,139,0,62.59223987,,
Bahrain,8/9/2021,114,0,62.63113491,,
Bahrain,9/9/2021,88,0,62.66522526,,
Bahrain,10/9/2021,88,0,62.69416775,,
Bahrain,11/9/2021,80,0,62.72293863,,
Bahrain,12/9/2021,121,0,62.80301665,,
Bahrain,13/9/2021,92,0,62.86942421,,
Bahrain,14/9/2021,81,0,62.9507606,,
Bahrain,15/9/2021,61,0,63.0072156,,
Bahrain,16/9/2021,64,0,63.0677317,,
Bahrain,17/9/2021,66,0,63.11068784,,
Bahrain,18/9/2021,72,0,63.15312919,,
Bahrain,19/9/2021,85,0,63.22279707,,
Bahrain,20/9/2021,119,0,63.27616335,,
Bahrain,21/9/2021,69,0,63.2860015,,
Bahrain,22/9/2021,72,0,63.3709414,,
Bahrain,23/9/2021,90,1,63.42728201,,
Bahrain,24/9/2021,62,0,63.4519346,,
Bahrain,25/9/2021,69,0,63.48539577,,
Bahrain,26/9/2021,69,0,63.55597883,,
Bahrain,27/9/2021,63,0,63.64412184,,
Bahrain,28/9/2021,48,0,63.75474391,,
Bahrain,29/9/2021,56,0,63.9207914,,
Bahrain,30/9/2021,76,0,64.02226169,,
Bahrain,1/10/2021,73,0,64.0621863,,
Bahrain,2/10/2021,45,0,64.10794517,,
Bahrain,3/10/2021,62,0,64.18533485,,
Bahrain,4/10/2021,42,0,64.25837745,,
Bahrain,5/10/2021,70,1,64.31746359,,
Bahrain,6/10/2021,45,0,64.3894766,,
Bahrain,7/10/2021,64,0,64.45891569,,
Bahrain,8/10/2021,80,0,64.47893519,,
Bahrain,9/10/2021,59,0,64.51222477,,
Bahrain,10/10/2021,57,0,64.56970935,,
Bahrain,11/10/2021,80,0,64.62307563,,
Bahrain,12/10/2021,69,0,64.67009286,,
Bahrain,13/10/2021,59,0,64.7089307,,
Bahrain,14/10/2021,50,1,64.75062847,,
Bahrain,15/10/2021,63,0,64.76893202,,
Bahrain,16/10/2021,55,0,64.7977029,,
Bahrain,17/10/2021,88,0,64.84860965,,
Bahrain,18/10/2021,70,0,64.8666272,,
Bahrain,19/10/2021,74,1,64.90969773,,
Bahrain,20/10/2021,74,0,64.94807798,,
Bahrain,21/10/2021,59,0,64.9917205,,
Bahrain,22/10/2021,66,1,65.00916607,,
Bahrain,23/10/2021,65,0,65.03536303,,
Bahrain,24/10/2021,45,0,65.07626001,,
Bahrain,25/10/2021,37,0,65.11080796,,
Bahrain,26/10/2021,27,0,65.13975044,,
Bahrain,27/10/2021,50,0,65.16057073,,
Bahrain,28/10/2021,33,0,65.21227825,,
Bahrain,29/10/2021,31,0,65.2302958,,
Bahrain,30/10/2021,45,0,65.24985772,,
Bahrain,31/10/2021,35,0,65.28892435,,
Bahrain,1/11/2021,45,0,65.32169914,,
Bahrain,2/11/2021,43,0,65.36345411,,
Bahrain,3/11/2021,39,0,65.39685808,,
Bahrain,4/11/2021,27,0,65.43546713,,
Bahrain,5/11/2021,28,0,65.45010996,,
Bahrain,6/11/2021,30,0,65.46572518,,
Bahrain,7/11/2021,40,0,65.50759454,,
Bahrain,8/11/2021,17,0,65.53218993,,
Bahrain,9/11/2021,15,0,65.56513632,,
Bahrain,10/11/2021,25,0,65.59659554,,
Bahrain,11/11/2021,27,0,65.63200146,,
Bahrain,12/11/2021,19,0,65.6465299,,
Bahrain,13/11/2021,17,0,65.6630031,,
Bahrain,14/11/2021,22,0,65.69234597,,
Bahrain,15/11/2021,23,0,65.71917211,,
Bahrain,16/11/2021,16,0,65.74834339,,
Bahrain,17/11/2021,20,0,65.78746722,,
Bahrain,18/11/2021,22,0,65.84312144,,
Bahrain,19/11/2021,18,0,65.88018612,,
Bahrain,20/11/2021,26,1,65.92354265,,
Bahrain,21/11/2021,41,0,65.97788131,,
Bahrain,22/11/2021,32,0,66.01025571,,
Bahrain,23/11/2021,23,0,66.06110525,,
Bahrain,24/11/2021,37,0,66.09399443,,
Bahrain,25/11/2021,29,0,66.14724632,,
Bahrain,26/11/2021,26,0,66.18980206,,
Bahrain,27/11/2021,16,0,66.22446441,,
Bahrain,28/11/2021,33,0,66.2610143,,
Bahrain,29/11/2021,43,0,66.29407508,,
Bahrain,30/11/2021,62,0,66.32599189,,
Bahrain,1/12/2021,31,0,66.3541908,,
Bahrain,2/12/2021,31,0,66.38931073,,
Bahrain,3/12/2021,20,0,66.41035981,,
Bahrain,4/12/2021,31,0,66.44153304,,
Bahrain,5/12/2021,28,0,66.47018953,,
Bahrain,6/12/2021,25,0,66.50570985,,
Bahrain,7/12/2021,38,0,66.53968581,,
Bahrain,8/12/2021,41,0,66.57257499,,
Bahrain,9/12/2021,29,0,66.60918209,,
Bahrain,10/12/2021,33,0,66.62948759,,
Bahrain,11/12/2021,40,0,66.64962149,,
Bahrain,12/12/2021,28,0,66.68193869,,
Bahrain,13/12/2021,0,0,66.71191075,,
Bahrain,14/12/2021,84,0,66.74182561,,
Bahrain,15/12/2021,53,0,66.7826654,,
Bahrain,16/12/2021,55,0,66.8069176,,
Bahrain,17/12/2021,52,0,66.82499235,,
Bahrain,18/12/2021,101,0,66.84661341,,
Bahrain,19/12/2021,89,0,66.88041778,,
Bahrain,20/12/2021,101,0,66.93149611,,
Bahrain,21/12/2021,114,0,66.98497679,,
Bahrain,22/12/2021,161,0,67.03496835,,
Bahrain,23/12/2021,181,0,67.081528,,
Bahrain,24/12/2021,221,0,67.09130896,,
Bahrain,25/12/2021,241,0,67.14175811,,
Bahrain,26/12/2021,287,0,67.19106329,,
Bahrain,27/12/2021,304,0,67.23493461,,
Bahrain,28/12/2021,373,0,67.27531681,,
Bahrain,29/12/2021,394,0,67.31644259,,
Bahrain,30/12/2021,530,0,67.35882674,,
Bahrain,31/12/2021,656,0,67.37953263,,
Bahrain,1/1/2022,615,0,67.40687355,,
Bahrain,2/1/2022,667,1,67.43221253,,
Bahrain,3/1/2022,880,0,67.47190834,,
Bahrain,4/1/2022,1224,0,67.50920182,,
Bahrain,5/1/2022,1081,0,67.55129998,,
Bahrain,6/1/2022,1410,0,67.58933704,,
Bahrain,7/1/2022,1515,2,67.59602927,,
Bahrain,8/1/2022,1424,0,67.62817488,,
Bahrain,9/1/2022,1694,0,67.66924346,,
Bahrain,10/1/2022,1894,0,67.720093,,
Bahrain,11/1/2022,1787,0,67.77111414,,
Bahrain,12/1/2022,2289,0,67.81950415,,
Bahrain,13/1/2022,2089,0,67.86652138,,
Bahrain,14/1/2022,2241,0,67.89208915,,
Bahrain,15/1/2022,2542,1,67.93086979,,
Bahrain,16/1/2022,2594,0,67.96639011,,
Bahrain,17/1/2022,2898,0,68.02112916,,
Bahrain,18/1/2022,3019,0,68.0639709,,
Bahrain,19/1/2022,3455,0,68.09811845,,
Bahrain,20/1/2022,3308,0,68.10961537,,
Bahrain,21/1/2022,3616,0,68.11527803,,
Bahrain,22/1/2022,3162,1,68.11830955,,
Bahrain,23/1/2022,3155,0,68.15720459,,
Bahrain,24/1/2022,3543,0,68.18689066,,
Bahrain,25/1/2022,4360,0,68.19564204,,
Bahrain,26/1/2022,4876,1,68.20405023,,
Bahrain,27/1/2022,5255,2,68.2134308,,
Bahrain,28/1/2022,6659,1,68.21657672,,
Bahrain,29/1/2022,6708,1,68.21955105,,
Bahrain,30/1/2022,6745,3,68.26885623,,
Bahrain,31/1/2022,5808,1,68.29276524,,
Bahrain,1/2/2022,8173,0,68.3185046,,
Bahrain,2/2/2022,7854,1,68.34710389,,
Bahrain,3/2/2022,8063,1,68.37415882,,
Bahrain,4/2/2022,7273,0,68.38291021,,
Bahrain,5/2/2022,7434,1,68.39434992,,
Bahrain,6/2/2022,7709,0,68.43072822,,
Bahrain,7/2/2022,7042,3,68.45458003,,
Bahrain,8/2/2022,7121,2,68.47831745,,
Bahrain,9/2/2022,6818,2,68.48632525,,
Brunei,3/11/2021,125,0,61.67571093,,
Brunei,5/11/2021,0,0,63.06858846,,
Brunei,6/11/2021,197,2,63.12905973,,
Brunei,7/11/2021,0,0,64.61615466,,
Brunei,8/11/2021,40,0,65.10943714,,
Brunei,9/11/2021,82,0,65.21633766,,
Brunei,10/11/2021,98,0,65.33592129,,
Brunei,11/11/2021,96,2,65.68765118,,
Brunei,12/11/2021,63,0,66.16145602,,
Brunei,13/11/2021,51,1,66.91655418,,
Brunei,14/11/2021,43,0,67.86620222,,
Brunei,15/11/2021,0,0,68.28565087,,
Brunei,16/11/2021,76,0,69.14855548,,
Brunei,17/11/2021,87,0,69.9756756,,
Brunei,18/11/2021,21,0,70.94366886,,
Brunei,19/11/2021,45,0,72.17619561,,
Brunei,20/11/2021,0,0,72.66132466,,
Brunei,21/11/2021,147,0,74.0768506,,
Brunei,22/11/2021,39,0,74.37467726,,
Brunei,23/11/2021,71,0,75.45183588,,
Brunei,24/11/2021,70,1,76.25064548,,
Brunei,26/11/2021,147,0,77.43696946,,
Brunei,27/11/2021,74,0,77.5065001,,
Brunei,28/11/2021,0,0,78.00521819,,
Brunei,29/11/2021,66,0,78.11755433,,
Brunei,30/11/2021,0,0,78.76507252,,
Brunei,1/12/2021,53,0,78.99200964,,
Brunei,2/12/2021,0,0,79.13741246,,
Brunei,3/12/2021,31,1,79.31995869,,
Brunei,4/12/2021,22,0,79.37159708,,
Brunei,5/12/2021,22,0,79.65651414,,
Brunei,6/12/2021,16,0,79.76454708,,
Brunei,7/12/2021,27,0,80.99163821,,
Brunei,8/12/2021,15,0,82.05656668,,
Brunei,9/12/2021,57,0,83.18219291,,
Brunei,10/12/2021,-18,0,84.2611634,,
Brunei,11/12/2021,60,0,84.72477646,,
Brunei,12/12/2021,5,0,85.74893779,,
Brunei,13/12/2021,14,0,86.45352998,,
Brunei,14/12/2021,1,0,87.29016243,,
Brunei,31/12/2021,0,0,90.7501608,,
Brunei,7/1/2022,45,0,90.99159291,,
Brunei,14/1/2022,47,0,91.13495738,,
Brunei,21/1/2022,80,0,91.28058668,,
Brunei,28/1/2022,87,0,91.36030911,,
Brunei,11/2/2022,981,0,91.51114755,,
Iran,26/12/2021,1857,52,60.20797081,,
Iran,3/1/2022,1677,22,61.08359336,,
Iran,9/1/2022,1480,31,61.78024706,,
Iran,13/1/2022,2394,30,62.30149893,,
Iran,14/1/2022,2539,24,62.35340254,,
Iran,15/1/2022,1421,18,62.40744308,,
Iran,16/1/2022,2292,31,62.48499331,,
Iran,17/1/2022,3163,20,62.56155211,,
Iran,18/1/2022,3653,18,62.63610101,,
Iran,19/1/2022,4060,19,62.72572715,,
Iran,20/1/2022,4658,20,62.82616023,,
Iran,22/1/2022,3503,30,62.94055447,,
Iran,23/1/2022,5144,28,63.02178933,,
Iran,24/1/2022,7691,21,63.09824699,,
Iran,26/1/2022,11851,29,63.26824359,,
Iran,28/1/2022,16757,23,63.4103167,,
Iran,29/1/2022,11731,24,63.46323056,,
Iran,30/1/2022,21996,44,63.55507125,,
Iran,31/1/2022,28995,30,63.64437985,,
Iran,1/2/2022,35070,50,63.73042839,,
Iran,2/2/2022,38160,59,63.83459079,,
Iran,3/2/2022,37395,61,63.94336457,,
Iran,4/2/2022,36908,57,63.98451889,,
Iran,5/2/2022,23130,64,64.03449727,,
Iran,6/2/2022,35429,85,64.10266126,,
Iran,7/2/2022,39819,104,64.16844136,,
Iran,8/2/2022,38757,114,64.22751196,,
Iran,9/2/2022,39085,116,64.29149267,,
Iran,10/2/2022,33681,130,64.34930252,,
Iran,11/2/2022,31247,143,64.38414485,,
Iran,12/2/2022,18598,133,64.41613873,,
Iran,13/2/2022,25812,148,64.46297347,,
Iran,14/2/2022,28956,168,64.50893204,,
Iran,15/2/2022,25034,167,64.54018029,,
Iran,16/2/2022,16310,185,64.56355944,,
Iran,18/2/2022,19317,187,64.67097721,,
Iran,19/2/2022,12058,191,64.73385005,,
Iran,20/2/2022,16967,242,64.80240215,,
Iran,21/2/2022,19110,236,64.86932657,,
Iran,22/2/2022,22073,223,64.93659557,,
Iran,23/2/2022,15340,227,64.99294827,,
Iran,25/2/2022,11972,214,65.06529791,,
Iran,26/2/2022,7039,224,65.14308923,,
Singapore,31/7/2021,120,0,61.15250477,,
Singapore,1/8/2021,121,0,62.17307833,,
Singapore,2/8/2021,111,1,63.21763606,,
Singapore,3/8/2021,102,0,64.21314361,,
Singapore,4/8/2021,95,1,65.24275708,,
Singapore,5/8/2021,98,1,66.3204122,,
Singapore,6/8/2021,97,1,67.54639137,,
Singapore,7/8/2021,81,1,68.69429368,,
Singapore,8/8/2021,78,0,69.67381179,,
Singapore,9/8/2021,72,0,70.30313921,,
Singapore,10/8/2021,0,0,71.00242042,,
Singapore,11/8/2021,117,1,71.69357855,,
Singapore,12/8/2021,59,0,72.36011075,,
Singapore,13/8/2021,49,1,73.21099824,,
Singapore,14/8/2021,58,0,74.04727153,,
Singapore,15/8/2021,53,0,74.61843553,,
Singapore,16/8/2021,53,0,74.96154834,,
Singapore,17/8/2021,56,1,75.23329544,,
Singapore,18/8/2021,53,1,75.5123038,,
Singapore,19/8/2021,32,0,75.76428414,,
Singapore,20/8/2021,40,1,76.1040597,,
Singapore,21/8/2021,37,0,76.37477996,,
Singapore,22/8/2021,35,2,76.52205882,,
Singapore,23/8/2021,98,1,76.74029999,,
Singapore,24/8/2021,116,0,76.92272994,,
Singapore,25/8/2021,120,2,77.09806366,,
Singapore,26/8/2021,116,0,77.27000513,,
Singapore,27/8/2021,0,0,77.52446091,,
Singapore,28/8/2021,243,3,77.7493949,,
Singapore,29/8/2021,0,0,77.89168623,,
Singapore,30/8/2021,288,0,78.04890348,,
Singapore,31/8/2021,161,0,78.2319202,,
Singapore,1/9/2021,180,0,78.39513349,,
Singapore,2/9/2021,191,0,78.5488668,,
Singapore,3/9/2021,219,0,78.79144052,,
Singapore,4/9/2021,259,0,79.04032199,,
Singapore,5/9/2021,191,0,79.20586402,,
Singapore,6/9/2021,241,0,79.33581487,,
Singapore,7/9/2021,332,0,79.45184832,,
Singapore,8/9/2021,349,1,79.56084055,,
Singapore,9/9/2021,457,1,79.6650286,,
Singapore,10/9/2021,573,1,79.85519657,,
Singapore,11/9/2021,555,0,80.02545108,,
Singapore,12/9/2021,520,0,80.13187619,,
Singapore,13/9/2021,607,0,80.21708596,,
Singapore,14/9/2021,837,0,80.29442937,,
Singapore,15/9/2021,807,0,80.37316635,,
Singapore,16/9/2021,910,1,80.45028972,,
Singapore,17/9/2021,935,0,80.57479463,,
Singapore,18/9/2021,1009,1,80.68257665,,
Singapore,19/9/2021,1012,0,80.74512249,,
Singapore,20/9/2021,917,2,80.82835191,,
Singapore,21/9/2021,1178,3,80.89449171,,
Singapore,22/9/2021,1457,3,80.96448218,,
Singapore,23/9/2021,1504,2,81.02609286,,
Singapore,24/9/2021,1650,3,81.1277138,,
Singapore,25/9/2021,1443,3,81.22121168,,
Singapore,26/9/2021,1939,2,81.2709403,,
Singapore,27/9/2021,1647,2,81.33487971,,
Singapore,28/9/2021,2236,5,81.39597697,,
Singapore,29/9/2021,2268,8,81.45569899,,
Singapore,30/9/2021,2478,2,81.52161875,,
Singapore,1/10/2021,2909,8,81.58601658,,
Singapore,2/10/2021,2356,4,81.64311647,,
Singapore,3/10/2021,2057,6,81.67720405,,
Singapore,4/10/2021,2475,8,81.72724439,,
Singapore,5/10/2021,3486,9,81.78207056,,
Singapore,6/10/2021,3577,3,81.8425077,,
Singapore,7/10/2021,3483,3,81.8990575,,
Singapore,8/10/2021,3590,6,81.97986651,,
Singapore,9/10/2021,3703,11,82.04765659,,
Singapore,10/10/2021,2809,9,82.08605325,,
Singapore,11/10/2021,2263,10,82.14891081,,
Singapore,12/10/2021,2976,11,82.21041147,,
Singapore,13/10/2021,3190,9,82.26534766,,
Singapore,14/10/2021,2932,15,82.32594983,,
Singapore,15/10/2021,3445,8,82.40820742,,
Singapore,16/10/2021,3348,9,82.46347367,,
Singapore,17/10/2021,3058,9,82.49437069,,
Singapore,18/10/2021,2553,6,82.54855508,,
Singapore,19/10/2021,3994,7,82.59731187,,
Singapore,20/10/2021,3862,18,82.64716884,,
Singapore,21/10/2021,3439,16,82.694257,,
Singapore,22/10/2021,3637,14,82.75478583,,
Singapore,23/10/2021,3598,6,82.79895849,,
Singapore,24/10/2021,3383,15,82.82360276,,
Singapore,25/10/2021,3174,14,82.8719378,,
Singapore,26/10/2021,3277,10,82.92377512,,
Singapore,27/10/2021,5324,10,82.97460393,,
Singapore,28/10/2021,3432,15,83.02987018,,
Singapore,29/10/2021,4248,16,83.10184099,,
Singapore,30/10/2021,3112,14,83.16952105,,
Singapore,31/10/2021,3163,13,83.22082661,,
Singapore,1/11/2021,2470,14,83.29503447,,
Singapore,2/11/2021,3496,9,83.36121094,,
Singapore,3/11/2021,3635,12,83.42294998,,
Singapore,4/11/2021,3003,17,83.43505208,,
Singapore,5/11/2021,1767,9,83.54617134,,
Singapore,6/11/2021,3035,12,83.62028752,,
Singapore,7/11/2021,2553,17,83.65930761,,
Singapore,8/11/2021,2470,14,83.73157181,,
Singapore,9/11/2021,3397,12,83.79536453,,
Singapore,10/11/2021,3481,17,83.85794704,,
Singapore,11/11/2021,2396,8,83.91816415,,
Singapore,12/11/2021,3099,14,83.98899809,,
Singapore,13/11/2021,2304,14,84.04389761,,
Singapore,14/11/2021,1723,10,84.07827857,,
Singapore,15/11/2021,2069,8,84.14150286,,
Singapore,16/11/2021,2069,18,84.19873111,,
Singapore,17/11/2021,3474,7,84.24635103,,
Singapore,18/11/2021,0,0,84.29279742,,
Singapore,19/11/2021,3772,22,84.35774534,,
Singapore,20/11/2021,1931,13,84.4071439,,
Singapore,21/11/2021,1670,8,84.43274168,,
Singapore,22/11/2021,1461,5,84.48481737,,
Singapore,23/11/2021,1782,5,84.52792651,,
Singapore,24/11/2021,2079,6,84.56758838,,
Singapore,25/11/2021,1275,3,84.60158427,,
Singapore,26/11/2021,1090,3,84.65967434,,
Singapore,27/11/2021,1761,6,84.70192167,,
Singapore,28/11/2021,747,11,84.73619261,,
Singapore,29/11/2021,1103,9,84.78845166,,
Singapore,30/11/2021,1239,8,84.84248936,,
Singapore,1/12/2021,1324,8,84.88889908,,
Singapore,2/12/2021,1101,9,84.94156154,,
Singapore,3/12/2021,766,9,85.01952838,,
Singapore,4/12/2021,743,2,85.08293604,,
Singapore,5/12/2021,552,13,85.12054423,,
Singapore,6/12/2021,662,4,85.19469708,,
Singapore,7/12/2021,715,8,85.26151533,,
Singapore,8/12/2021,709,3,85.32571146,,
Singapore,9/12/2021,682,5,85.38737715,,
Singapore,10/12/2021,454,4,85.45914625,,
Singapore,11/12/2021,559,6,85.51316562,,
Singapore,12/12/2021,370,5,85.54743656,,
Singapore,13/12/2021,339,4,85.60897389,,
Singapore,14/12/2021,442,6,85.66337832,,
Singapore,15/12/2021,474,3,85.7190113,,
Singapore,16/12/2021,355,1,85.77589115,,
Singapore,17/12/2021,412,1,85.83951885,,
Singapore,18/12/2021,271,1,85.88323309,,
Singapore,19/12/2021,255,3,85.91165469,,
Singapore,20/12/2021,195,2,85.96758105,,
Singapore,21/12/2021,280,2,86.0163195,,
Singapore,22/12/2021,335,1,86.06320596,,
Singapore,23/12/2021,322,2,86.10820376,,
Singapore,24/12/2021,265,0,86.13468168,,
Singapore,25/12/2021,248,1,86.13911911,,
Singapore,26/12/2021,209,1,86.17586548,,
Singapore,27/12/2021,280,3,86.23786123,,
Singapore,28/12/2021,365,0,86.29391595,,
Singapore,29/12/2021,341,1,86.34478143,,
Singapore,30/12/2021,311,1,86.40103785,,
Singapore,31/12/2021,344,1,86.43092636,,
Singapore,1/1/2022,456,1,86.43437362,,
Singapore,2/1/2022,429,0,86.45907291,,
Singapore,3/1/2022,464,0,86.50203535,,
Singapore,4/1/2022,842,3,86.54013862,,
Singapore,11/1/2022,846,0,86.57263092,,
Singapore,12/1/2022,882,1,86.60253777,,
Singapore,13/1/2022,960,0,86.63229793,,
Singapore,14/1/2022,945,1,86.67102464,,
Singapore,18/1/2022,1448,0,86.69607232,,
Singapore,19/1/2022,1615,1,86.74690113,,
Singapore,20/1/2022,1472,1,86.80526625,,
Singapore,21/1/2022,10264,1,86.89218131,,
Singapore,22/1/2022,2463,1,86.97753777,,
Singapore,23/1/2022,3496,1,87.05445944,,
Singapore,25/1/2022,5996,2,87.11810547,,
Singapore,26/1/2022,4832,0,87.19090142,,
Singapore,27/1/2022,5469,0,87.29954525,,
Singapore,28/1/2022,5554,3,87.45788103,,
Singapore,29/1/2022,5207,1,87.61047748,,
Singapore,31/1/2022,4481,1,87.73206689,,
Singapore,1/2/2022,6264,3,87.73265366,,
Singapore,2/2/2022,3101,1,87.73481737,,
Singapore,3/2/2022,4297,1,87.85946897,,
Singapore,4/2/2022,13208,6,88.0138624,,
Singapore,5/2/2022,0,0,88.19907951,,
Singapore,6/2/2022,10390,2,88.34362623,,
Singapore,8/2/2022,13011,3,88.36634517,,
Singapore,9/2/2022,10314,4,88.46752604,,
Singapore,10/2/2022,10686,1,88.60433475,,
Singapore,11/2/2022,9930,3,88.79235734,,
Singapore,12/2/2022,10505,8,88.99541587,,
Singapore,13/2/2022,9420,4,89.1551819,,
Singapore,15/2/2022,19420,7,89.16392841,,
Singapore,16/2/2022,16883,13,89.24360056,,
Singapore,17/2/2022,18545,4,89.33660334,,
Singapore,18/2/2022,18094,7,89.48806293,,
Singapore,19/2/2022,24836,4,89.65685052,,
Singapore,20/2/2022,6283,4,89.76560437,,
Singapore,21/2/2022,13623,7,89.81813848,,
South Korea,11/10/2021,1347,11,60.0001649,,
South Korea,12/10/2021,1579,11,61.17372467,,
South Korea,13/10/2021,1937,13,61.97774478,,
South Korea,14/10/2021,1682,8,62.8718747,,
South Korea,15/10/2021,1617,18,64.27892355,,
South Korea,16/10/2021,1418,16,64.97252792,,
South Korea,17/10/2021,1049,8,65.0114928,,
South Korea,18/10/2021,1073,21,66.24216375,,
South Korea,19/10/2021,1570,9,67.11517105,,
South Korea,20/10/2021,1441,11,67.74856319,,
South Korea,21/10/2021,1440,16,68.54682365,,
South Korea,22/10/2021,1507,20,69.78413137,,
South Korea,23/10/2021,1423,21,70.43628379,,
South Korea,24/10/2021,1190,7,70.46965274,,
South Korea,25/10/2021,1266,15,71.31557895,,
South Korea,26/10/2021,1950,9,71.86524465,,
South Korea,27/10/2021,2107,11,72.37056201,,
South Korea,28/10/2021,2124,9,73.58791073,,
South Korea,29/10/2021,2103,13,74.9584311,,
South Korea,30/10/2021,2061,19,75.65826681,,
South Korea,31/10/2021,1686,9,75.70010859,,
South Korea,1/11/2021,1588,16,75.93358207,,
South Korea,2/11/2021,2666,18,76.10540292,,
South Korea,3/11/2021,2480,24,76.25478158,,
South Korea,4/11/2021,2344,20,76.49824431,,
South Korea,5/11/2021,2248,20,76.81636616,,
South Korea,6/11/2021,2223,11,76.93966169,,
South Korea,7/11/2021,1759,13,76.94840935,,
South Korea,8/11/2021,1713,18,77.2689481,,
South Korea,9/11/2021,2424,14,77.51576332,,
South Korea,10/11/2021,2520,21,77.72604616,,
South Korea,11/11/2021,2368,18,77.93897396,,
South Korea,12/11/2021,2323,32,78.23154869,,
South Korea,13/11/2021,2418,20,78.42931818,3283,
South Korea,14/11/2021,2006,12,78.43597052,3298,
South Korea,15/11/2021,2125,22,78.60982625,3420,
South Korea,16/11/2021,3184,21,78.70337625,3495,
South Korea,17/11/2021,3290,29,78.83430649,3436,
South Korea,18/11/2021,3034,28,78.95315218,3502,
South Korea,19/11/2021,3212,29,79.10554614,3548,
South Korea,20/11/2021,3114,30,79.18199845,3649,
South Korea,21/11/2021,2827,24,79.18638787,3694,
South Korea,22/11/2021,2698,30,79.35884413,3803,
South Korea,23/11/2021,4115,35,79.44539678,3882,
South Korea,24/11/2021,3937,38,79.56622083,4093,
South Korea,25/11/2021,3899,39,79.69846478,4201,
South Korea,26/11/2021,4067,52,79.87032071,4332,
South Korea,27/11/2021,3928,56,79.96022,4322,
South Korea,28/11/2021,3304,32,79.96403443,4558,
South Korea,29/11/2021,3030,44,80.1719491,4543,
South Korea,30/11/2021,5120,35,80.26833897,4630,
South Korea,1/12/2021,5262,46,80.39755788,4596,
South Korea,2/12/2021,4943,34,80.51721245,4684,
South Korea,3/12/2021,5352,70,80.69570124,4730,
South Korea,4/12/2021,5127,43,80.79976285,4716,
South Korea,5/12/2021,4324,41,80.8037566,4770,
South Korea,6/12/2021,4952,64,80.93373956,4874,
South Korea,7/12/2021,7174,63,81.01685592,4961,
South Korea,8/12/2021,7100,57,81.11879883,5195,
South Korea,9/12/2021,7022,53,81.22725571,5378,
South Korea,10/12/2021,6977,80,81.37544736,5424,
South Korea,11/12/2021,6688,43,81.44326897,5623,
South Korea,12/12/2021,5817,40,81.44625892,5668,
South Korea,13/12/2021,5564,94,81.57017622,5684,
South Korea,14/12/2021,7843,69,81.65659049,5724,
South Korea,15/12/2021,7622,62,81.7704094,5695,
South Korea,16/12/2021,7434,73,81.89199166,5546,
South Korea,17/12/2021,7313,53,82.04979832,5502,
South Korea,18/12/2021,6234,78,82.12939457,5417,
South Korea,19/12/2021,5316,54,82.13301018,5285,
South Korea,20/12/2021,5201,52,82.23768577,5169,
South Korea,21/12/2021,7450,78,82.31240141,5035,
South Korea,22/12/2021,6913,109,82.38902135,4963,
South Korea,23/12/2021,6231,56,82.45668508,4850,
South Korea,24/12/2021,5836,105,82.5417759,4797,
South Korea,25/12/2021,5418,69,82.55166963,4648,
South Korea,26/12/2021,4207,55,82.55510788,4510,
South Korea,27/12/2021,3862,46,82.68179878,4320,
South Korea,28/12/2021,5406,36,82.76733595,4106,
South Korea,29/12/2021,5029,73,82.85837938,3954,
South Korea,30/12/2021,4871,108,82.94876401,3856,
South Korea,31/12/2021,4415,62,83.06290062,3715,
South Korea,1/1/2022,3830,69,83.07257021,3670,
South Korea,2/1/2022,3124,36,83.07735335,3545,
South Korea,3/1/2022,3019,51,83.23243905,3501,
South Korea,4/1/2022,4443,57,83.34037551,3422,
South Korea,5/1/2022,4123,49,83.48845216,3341,
South Korea,6/1/2022,3716,45,83.6549714,3197,
South Korea,7/1/2022,3507,54,83.86470654,3110,
South Korea,8/1/2022,3376,51,84.00269454,2970,
South Korea,9/1/2022,2999,34,84.01192363,2939,
South Korea,10/1/2022,3093,43,84.22583769,2964,
South Korea,11/1/2022,4385,52,84.369024,2985,
South Korea,12/1/2022,4162,44,84.52696515,2909,
South Korea,13/1/2022,4536,49,84.67733787,2937,
South Korea,14/1/2022,4418,22,84.85500997,2976,
South Korea,15/1/2022,4190,29,84.91220887,3022,
South Korea,16/1/2022,3858,23,84.91889046,3060,
South Korea,17/1/2022,4070,45,85.05789006,3142,
South Korea,18/1/2022,5800,74,85.14874247,3255,
South Korea,19/1/2022,6601,28,85.23692849,3487,
South Korea,20/1/2022,6766,21,85.32416334,3686,
South Korea,21/1/2022,7005,28,85.43919071,3802,
South Korea,22/1/2022,7628,11,85.47426319,4070,
South Korea,23/1/2022,7511,25,85.47806397,4414,
South Korea,24/1/2022,8566,23,85.55744971,4661,
South Korea,25/1/2022,13004,32,85.61474022,4977,
South Korea,26/1/2022,14514,34,85.66287376,5197,
South Korea,27/1/2022,16085,24,85.71196626,5546,
South Korea,28/1/2022,17540,34,85.78443847,5887,
South Korea,29/1/2022,17515,20,85.82828199,6199,
South Korea,30/1/2022,17072,23,85.83097763,6453,
South Korea,31/1/2022,18333,17,85.83287412,6806,
South Korea,1/2/2022,20268,15,85.83322496,7028,
South Korea,2/2/2022,22904,25,85.83485053,7328,
South Korea,3/2/2022,27442,24,85.93768419,7511,
South Korea,4/2/2022,36362,22,86.00715281,7908,
South Korea,5/2/2022,38670,15,86.04235588,8447,
South Korea,6/2/2022,35275,13,86.0441939,8752,
South Korea,7/2/2022,36718,36,86.08789124,8997,
South Korea,8/2/2022,49558,21,86.11935004,9365,
South Korea,9/2/2022,54122,20,86.1446087,9632,
South Korea,10/2/2022,53926,49,86.17174046,9825,
South Korea,11/2/2022,54918,33,86.21012255,9739,
South Korea,12/2/2022,56425,36,86.23390767,9600,
South Korea,13/2/2022,54616,21,86.2350596,9556,
South Korea,14/2/2022,57175,61,86.26163586,9476,
South Korea,15/2/2022,90430,39,86.28252069,9306,
South Korea,16/2/2022,93127,36,86.30128877,9523,
South Korea,17/2/2022,109828,45,86.32082871,9626,
South Korea,18/2/2022,102203,71,86.3506639,9855,
South Korea,19/2/2022,104828,51,86.36920199,9902,
South Korea,20/2/2022,95347,45,86.37032273,10191,
South Korea,21/2/2022,99550,58,86.38117544,10354,
South Korea,22/2/2022,171448,99,86.38881599,10656,
South Korea,23/2/2022,170006,82,86.39597316,10853,
South Korea,24/2/2022,165889,94,86.41628495,11175,
South Korea,25/2/2022,166206,112,86.44272672,11604,
Hong Kong,30/11/2021,6,0,60.03735039,,
Hong Kong,1/12/2021,3,0,60.05506567,,
Hong Kong,2/12/2021,6,0,60.10581506,,
Hong Kong,3/12/2021,3,0,60.16622974,,
Hong Kong,4/12/2021,4,0,60.23437666,,
Hong Kong,5/12/2021,9,0,60.27678477,,
Hong Kong,6/12/2021,5,0,60.32775924,,
Hong Kong,7/12/2021,5,0,60.37337146,,
Hong Kong,8/12/2021,0,0,60.39068955,,
Hong Kong,9/12/2021,7,0,60.44665554,,
Hong Kong,10/12/2021,4,0,60.51116142,,
Hong Kong,11/12/2021,1,0,60.58655068,,
Hong Kong,12/12/2021,5,0,60.63192458,,
Hong Kong,13/12/2021,2,0,60.68444815,,
Hong Kong,14/12/2021,5,0,60.73166243,,
Hong Kong,15/12/2021,1,0,60.749669,,
Hong Kong,16/12/2021,10,0,60.81136797,,
Hong Kong,17/12/2021,7,0,60.87987237,,
Hong Kong,18/12/2021,5,0,60.96468859,,
Hong Kong,19/12/2021,8,0,61.02546076,,
Hong Kong,20/12/2021,7,0,61.08999312,,
Hong Kong,21/12/2021,8,0,61.14343025,,
Hong Kong,22/12/2021,7,0,61.16638862,,
Hong Kong,23/12/2021,2,0,61.23372789,,
Hong Kong,24/12/2021,5,0,61.29071338,,
Hong Kong,25/12/2021,25,0,61.33943703,,
Hong Kong,26/12/2021,9,0,61.38940525,,
Hong Kong,27/12/2021,9,0,61.44492109,,
Hong Kong,28/12/2021,6,0,61.55281485,,
Hong Kong,29/12/2021,14,0,61.5902844,,
Hong Kong,30/12/2021,12,0,61.65956996,,
Hong Kong,31/12/2021,19,0,61.72563817,,
Hong Kong,1/1/2022,18,0,61.76782121,,
Hong Kong,2/1/2022,-3,0,61.81605497,,
Hong Kong,3/1/2022,13,0,61.88639975,,
Hong Kong,4/1/2022,13,0,61.9436368,,
Hong Kong,5/1/2022,18,0,61.9783524,,
Hong Kong,6/1/2022,24,0,62.03982629,,
Hong Kong,7/1/2022,17,0,62.10897945,,
Hong Kong,8/1/2022,21,0,62.18002595,,
Hong Kong,9/1/2022,16,0,62.21880627,,
Hong Kong,10/1/2022,6,0,62.2695689,,
Hong Kong,11/1/2022,17,0,62.31588285,,
Hong Kong,12/1/2022,12,0,62.34550101,,
Hong Kong,13/1/2022,31,0,62.40016947,,
Hong Kong,14/1/2022,2,0,62.45779049,,
Hong Kong,15/1/2022,3,0,62.51345196,,
Hong Kong,16/1/2022,7,0,62.54889577,,
Hong Kong,17/1/2022,3,0,62.58747749,,
Hong Kong,18/1/2022,6,0,62.62936924,,
Hong Kong,19/1/2022,7,0,62.65637909,,
Hong Kong,20/1/2022,27,0,62.7093131,,
Hong Kong,21/1/2022,11,0,62.76959538,,
Hong Kong,22/1/2022,14,0,62.84260142,,
Hong Kong,23/1/2022,102,0,62.90607457,,
Hong Kong,24/1/2022,70,0,62.98503866,,
Hong Kong,25/1/2022,77,0,63.07914945,,
Hong Kong,26/1/2022,81,0,63.17431946,,
Hong Kong,27/1/2022,188,0,63.28106133,,
Hong Kong,28/1/2022,83,0,63.41807012,,
Hong Kong,29/1/2022,80,0,63.54500318,,
Hong Kong,30/1/2022,66,0,63.64517795,,
Hong Kong,31/1/2022,66,0,63.69345144,,
Hong Kong,1/2/2022,84,0,63.69399428,,
Hong Kong,2/2/2022,83,0,63.69607298,,
Hong Kong,3/2/2022,101,0,63.7172969,,
Hong Kong,4/2/2022,222,0,63.98329096,,
Hong Kong,5/2/2022,253,0,64.18455407,,
Hong Kong,6/2/2022,177,0,64.32779896,,
Hong Kong,7/2/2022,361,0,64.60776136,,
Hong Kong,8/2/2022,150,0,64.89274176,,
Hong Kong,9/2/2022,635,2,65.13396356,,
Hong Kong,10/2/2022,268,1,65.38899481,,
Hong Kong,11/2/2022,504,0,65.69068425,,
Hong Kong,12/2/2022,136,3,65.93732126,,
Hong Kong,13/2/2022,327,0,66.07545546,,
Hong Kong,14/2/2022,1448,2,66.29590351,,
Hong Kong,15/2/2022,605,3,66.53176305,,
Hong Kong,16/2/2022,782,3,66.76067154,,
Hong Kong,17/2/2022,461,11,66.97812732,,
Hong Kong,18/2/2022,1408,20,67.25332327,,
Hong Kong,19/2/2022,378,0,67.49879515,,
Hong Kong,20/2/2022,340,30,67.6313023,,
Malaysia,23/9/2021,13754,116,60.22285686,10373,
Malaysia,24/9/2021,14554,250,60.7379075,10111,
Malaysia,25/9/2021,13899,228,61.22077319,10018,
Malaysia,26/9/2021,13104,278,61.71646221,9841,
Malaysia,27/9/2021,10959,258,62.21071421,9601,
Malaysia,28/9/2021,11332,240,62.73102171,9452,
Malaysia,29/9/2021,12434,208,63.21500711,9281,
Malaysia,30/9/2021,12735,192,63.74059283,8986,
Malaysia,1/10/2021,11889,121,64.17829464,8866,
Malaysia,2/10/2021,10915,109,64.57849973,8568,
Malaysia,3/10/2021,9066,118,64.94129047,8376,
Malaysia,4/10/2021,8075,76,65.26670957,8081,
Malaysia,5/10/2021,8817,117,65.59873103,7863,
Malaysia,6/10/2021,9380,105,65.91609246,7574,
Malaysia,7/10/2021,9890,132,66.20640681,7576,
Malaysia,8/10/2021,9751,78,66.53644818,7435,
Malaysia,9/10/2021,8743,74,66.87441602,7341,
Malaysia,10/10/2021,7373,64,67.19237849,7300,
Malaysia,11/10/2021,6709,93,67.62665099,7190,
Malaysia,12/10/2021,7276,103,68.11504508,7201,
Malaysia,13/10/2021,7950,68,68.61091106,7156,
Malaysia,14/10/2021,8084,88,69.13317119,7439,
Malaysia,15/10/2021,7420,89,69.55534955,7310,
Malaysia,16/10/2021,7509,88,69.9158917,7185,
Malaysia,17/10/2021,6145,63,70.29098405,6997,
Malaysia,18/10/2021,5434,72,70.82450846,7484,
Malaysia,19/10/2021,5745,69,71.20117512,7220,
Malaysia,20/10/2021,5516,76,71.87468832,6901,
Malaysia,21/10/2021,6210,96,72.4680824,6366,
Malaysia,22/10/2021,6630,78,72.83448552,6101,
Malaysia,23/10/2021,5828,42,73.14193121,5977,
Malaysia,24/10/2021,5666,46,73.48415824,5834,
Malaysia,25/10/2021,4782,92,73.93207174,5130,
Malaysia,26/10/2021,5726,84,74.3648523,4992,
Malaysia,27/10/2021,6148,98,74.75706683,4995,
Malaysia,28/10/2021,6377,95,75.12585887,4835,
Malaysia,29/10/2021,6060,63,75.38367098,4814,
Malaysia,30/10/2021,5854,44,75.5421183,4750,
Malaysia,31/10/2021,4979,36,75.67650851,4766,
Malaysia,1/11/2021,4626,63,75.85472322,4690,
Malaysia,2/11/2021,5071,70,76.03514075,4700,
Malaysia,3/11/2021,5291,46,76.17291452,4655,
Malaysia,4/11/2021,5713,64,76.23294589,4688,
Malaysia,5/11/2021,4922,47,76.33054111,4559,
Malaysia,6/11/2021,4701,54,76.3734259,4449,
Malaysia,7/11/2021,4343,35,76.418663,4382,
Malaysia,8/11/2021,4543,58,76.5585328,4365,
Malaysia,9/11/2021,6321,78,76.65586259,4341,
Malaysia,10/11/2021,5325,59,76.77807323,4381,
Malaysia,11/11/2021,6323,49,76.91628025,4375,
Malaysia,12/11/2021,6517,41,77.02329084,4526,
Malaysia,13/11/2021,5809,55,77.07416007,4662,
Malaysia,14/11/2021,5162,45,77.1095028,4690,
Malaysia,15/11/2021,5143,53,77.19406417,4741,
Malaysia,16/11/2021,5413,40,77.27613593,4697,
Malaysia,17/11/2021,6288,68,77.3418452,4671,
Malaysia,18/11/2021,6380,55,77.4083813,4674,
Malaysia,19/11/2021,6355,45,77.46326869,4668,
Malaysia,20/11/2021,5859,41,77.48363713,4615,
Malaysia,21/11/2021,4854,24,77.49973113,4540,
Malaysia,22/11/2021,4885,61,77.53785636,4510,
Malaysia,23/11/2021,5594,47,77.57182309,4597,
Malaysia,24/11/2021,5755,37,77.59957799,4595,
Malaysia,25/11/2021,6144,48,77.61908605,4543,
Malaysia,26/11/2021,5501,45,77.64062912,4432,
Malaysia,27/11/2021,5097,40,77.65778181,4338,
Malaysia,28/11/2021,4239,29,77.66946712,4316,
Malaysia,29/11/2021,4087,61,77.69149836,4219,
Malaysia,30/11/2021,4879,55,77.71947598,4122,
Malaysia,1/12/2021,5439,49,77.74583657,4081,
Malaysia,2/12/2021,5806,47,77.77469288,4028,
Malaysia,3/12/2021,5551,17,77.79691023,4036,
Malaysia,4/12/2021,4896,36,77.81165874,4042,
Malaysia,5/12/2021,4298,40,77.82209924,3970,
Malaysia,6/12/2021,4262,38,77.84342874,3962,
Malaysia,7/12/2021,4965,66,77.86569185,3879,
Malaysia,8/12/2021,5020,28,77.88688406,3819,
Malaysia,9/12/2021,5446,41,77.91243004,3818,
Malaysia,10/12/2021,5058,44,77.93527284,3799,
Malaysia,11/12/2021,4626,31,77.94409327,3746,
Malaysia,12/12/2021,3490,17,77.95181533,3727,
Malaysia,13/12/2021,3504,29,77.96876056,3671,
Malaysia,14/12/2021,4097,48,77.98593461,3667,
Malaysia,15/12/2021,3900,33,78.00369445,3572,
Malaysia,16/12/2021,4262,37,78.02385847,3404,
Malaysia,17/12/2021,4362,18,78.03953143,3287,
Malaysia,18/12/2021,4083,29,78.04666161,3217,
Malaysia,19/12/2021,3108,19,78.05346533,3131,
Malaysia,20/12/2021,2589,43,78.06790874,2978,
Malaysia,21/12/2021,3140,57,78.08238876,2879,
Malaysia,22/12/2021,3519,29,78.09764068,2804,
Malaysia,23/12/2021,3510,44,78.11474151,2788,
Malaysia,24/12/2021,3528,25,78.12736042,2720,
Malaysia,25/12/2021,3160,25,78.13171114,2628,
Malaysia,26/12/2021,2778,19,78.13643408,2627,
Malaysia,27/12/2021,2757,35,78.15302539,2681,
Malaysia,28/12/2021,2897,23,78.16850309,2657,
Malaysia,29/12/2021,3683,36,78.18457268,2626,
Malaysia,30/12/2021,3997,34,78.19999545,2614,
Malaysia,31/12/2021,3573,25,78.21428021,2602,
Malaysia,1/1/2022,3386,26,78.21694373,2625,
Malaysia,2/1/2022,2882,19,78.22148971,2572,
Malaysia,3/1/2022,2690,28,78.23400489,2545,
Malaysia,4/1/2022,2842,31,78.2467489,2493,
Malaysia,5/1/2022,3270,18,78.25969122,2482,
Malaysia,6/1/2022,3543,19,78.27427497,2479,
Malaysia,7/1/2022,3381,16,78.28518838,2480,
Malaysia,8/1/2022,3251,11,78.28901433,2476,
Malaysia,9/1/2022,2888,23,78.29390202,2533,
Malaysia,10/1/2022,2641,18,78.30435473,2490,
Malaysia,11/1/2022,3175,27,78.31434064,2490,
Malaysia,12/1/2022,3198,15,78.32463164,2517,
Malaysia,13/1/2022,3684,12,78.33547488,2432,
Malaysia,14/1/2022,3346,12,78.3424586,2349,
Malaysia,15/1/2022,3074,19,78.34525332,2283,
Malaysia,16/1/2022,3010,12,78.34792599,2194,
Malaysia,17/1/2022,2342,16,78.35782647,2201,
Malaysia,18/1/2022,3245,9,78.36250974,2119,
Malaysia,19/1/2022,3229,13,78.37670297,1978,
Malaysia,20/1/2022,3764,22,78.38763468,1964,
Malaysia,21/1/2022,4046,16,78.39644596,2035,
Malaysia,22/1/2022,4116,13,78.39882878,2101,
Malaysia,23/1/2022,3856,10,78.40200487,2149,
Malaysia,24/1/2022,3214,10,78.41091072,2195,
Malaysia,25/1/2022,4066,16,78.41958775,2231,
Malaysia,26/1/2022,4744,12,78.42751424,2438,
Malaysia,27/1/2022,5439,10,78.43617906,2579,
Malaysia,28/1/2022,5522,12,78.44430691,2613,
Malaysia,29/1/2022,5139,5,78.44729384,2594,
Malaysia,30/1/2022,4915,8,78.44970412,2616,
Malaysia,31/1/2022,4774,13,78.45479623,2618,
Malaysia,1/2/2022,5566,7,78.45582747,2737,
Malaysia,2/2/2022,5736,7,78.45730415,2679,
Malaysia,3/2/2022,5720,8,78.46571269,2669,
Malaysia,4/2/2022,7234,11,78.47131432,2835,
Malaysia,5/2/2022,9117,14,78.47392597,3137,
Malaysia,6/2/2022,10089,9,78.47643389,3444,
Malaysia,7/2/2022,11034,9,78.48372576,3772,
Malaysia,8/2/2022,13944,13,78.48877821,4211,
Malaysia,9/2/2022,17134,9,78.49566126,4740,
Malaysia,10/2/2022,19090,10,78.50167782,5307,
Malaysia,11/2/2022,20939,24,78.50702926,5813,
Malaysia,12/2/2022,22802,15,78.5095982,6234,
Malaysia,13/2/2022,21072,11,78.51211527,6603,
Malaysia,14/2/2022,24340,24,78.51723789,7132,
Malaysia,15/2/2022,19108,31,78.52315377,7617,
Malaysia,16/2/2022,27831,21,78.52851132,8035,
Malaysia,17/2/2022,26701,39,78.53402447,8512,
Malaysia,18/2/2022,27808,36,78.53928438,9047,
Malaysia,19/2/2022,28825,34,78.5414872,9502,
Malaysia,20/2/2022,26832,37,78.54314084,9946,
Malaysia,21/2/2022,25099,43,78.54657626,10278,
Malaysia,22/2/2022,27179,43,78.5487028,10466,
Malaysia,23/2/2022,31199,55,78.55049373,10937,
Malaysia,24/2/2022,32070,46,78.55369423,11232,
Malaysia,25/2/2022,30644,57,78.55665064,11282,
Malaysia,26/2/2022,27299,43,78.55841107,11364,
Qatar,3/8/2021,170,0,60.38213644,,
Qatar,4/8/2021,164,0,60.47467961,,
Qatar,5/8/2021,181,0,61.52370702,,
Qatar,6/8/2021,218,0,61.87439516,,
Qatar,7/8/2021,199,0,61.92721848,,
Qatar,8/8/2021,217,0,61.99536329,,
Qatar,9/8/2021,210,0,62.3060927,,
Qatar,10/8/2021,220,0,62.67561706,,
Qatar,11/8/2021,227,0,63.2270884,,
Qatar,13/8/2021,244,0,63.68970191,,
Qatar,14/8/2021,194,0,63.85557668,,
Qatar,15/8/2021,187,0,64.06843964,,
Qatar,16/8/2021,260,0,65.14681333,,
Qatar,17/8/2021,269,0,65.7618228,,
Qatar,18/8/2021,218,0,66.03822388,,
Qatar,19/8/2021,306,0,66.41750759,,
Qatar,20/8/2021,221,0,66.83719362,,
Qatar,22/8/2021,205,0,67.61971579,,
Qatar,23/8/2021,289,0,67.94337804,,
Qatar,24/8/2021,217,0,68.46929082,,
Qatar,25/8/2021,216,0,69.17394295,,
Qatar,26/8/2021,233,0,69.59079673,,
Qatar,29/8/2021,179,0,71.46889089,,
Qatar,31/8/2021,173,0,72.71252513,,
Qatar,1/9/2021,166,0,73.44058605,,
Qatar,2/9/2021,177,0,73.84614492,,
Qatar,4/9/2021,157,0,73.94831095,,
Qatar,6/9/2021,189,1,74.78048294,,
Qatar,8/9/2021,165,0,75.12885068,,
Qatar,9/9/2021,143,0,75.40753804,,
Qatar,11/9/2021,147,0,75.69608712,,
Saudi Arabia,25/10/2021,51,2,60.11335662,,
Saudi Arabia,26/10/2021,65,2,60.26662758,,
Saudi Arabia,27/10/2021,55,3,60.41132202,,
Saudi Arabia,28/10/2021,51,3,60.55504874,,
Saudi Arabia,29/10/2021,56,2,60.61806677,,
Saudi Arabia,30/10/2021,41,3,60.71084371,,
Saudi Arabia,31/10/2021,46,1,60.87073876,,
Saudi Arabia,1/11/2021,49,2,61.00063723,,
Saudi Arabia,2/11/2021,45,2,61.15489855,,
Saudi Arabia,3/11/2021,49,1,61.25671606,,
Saudi Arabia,4/11/2021,45,1,61.35128413,,
Saudi Arabia,5/11/2021,43,2,61.43230691,,
Saudi Arabia,6/11/2021,42,1,61.46454171,,
Saudi Arabia,9/11/2021,49,1,61.84691126,,
Saudi Arabia,10/11/2021,38,1,61.95130937,,
Saudi Arabia,11/11/2021,43,2,62.07235401,,
Saudi Arabia,12/11/2021,45,1,62.11952628,,
Saudi Arabia,13/11/2021,44,1,62.18399872,,
Saudi Arabia,14/11/2021,30,2,62.31375571,,
Saudi Arabia,15/11/2021,38,3,62.42544569,,
Saudi Arabia,16/11/2021,37,2,62.46492427,,
Saudi Arabia,17/11/2021,42,2,62.6089,,
Saudi Arabia,18/11/2021,38,1,62.6985955,,
Saudi Arabia,19/11/2021,35,1,62.73594339,,
Saudi Arabia,20/11/2021,31,1,62.79596488,,
Saudi Arabia,21/11/2021,36,1,62.88247142,,
Saudi Arabia,22/11/2021,39,2,62.97381941,,
Saudi Arabia,23/11/2021,38,1,63.05160229,,
Saudi Arabia,24/11/2021,34,1,63.13222892,,
Saudi Arabia,25/11/2021,28,1,63.2145618,,
Saudi Arabia,26/11/2021,24,1,63.25123059,,
Saudi Arabia,27/11/2021,29,2,63.3002138,,
Saudi Arabia,28/11/2021,24,1,63.32718838,,
Saudi Arabia,29/11/2021,25,1,63.47513404,,
Saudi Arabia,30/11/2021,32,2,63.57407101,,
Saudi Arabia,1/12/2021,34,1,63.58257396,,
Saudi Arabia,3/12/2021,38,1,63.74214644,,
Saudi Arabia,4/12/2021,29,2,63.89674732,,
Saudi Arabia,5/12/2021,35,2,64.00816849,,
Saudi Arabia,6/12/2021,43,1,64.10277335,,
Saudi Arabia,7/12/2021,42,2,64.18942986,,
Saudi Arabia,8/12/2021,46,2,64.27687017,,
Saudi Arabia,9/12/2021,45,1,64.35591222,,
Saudi Arabia,10/12/2021,48,1,64.38782163,,
Saudi Arabia,11/12/2021,53,1,64.43423556,,
Saudi Arabia,12/12/2021,51,1,64.52005451,,
Saudi Arabia,13/12/2021,64,2,64.54241967,,
Saudi Arabia,14/12/2021,65,1,64.65086127,,
Saudi Arabia,15/12/2021,88,1,64.7068053,,
Saudi Arabia,16/12/2021,85,1,64.76202495,,
Saudi Arabia,17/12/2021,80,2,64.78427976,,
Saudi Arabia,18/12/2021,116,1,64.8212881,,
Saudi Arabia,19/12/2021,104,1,64.89909645,,
Saudi Arabia,20/12/2021,146,2,64.96431308,,
Saudi Arabia,21/12/2021,222,1,65.02117107,,
Saudi Arabia,22/12/2021,252,2,65.08676686,,
Saudi Arabia,23/12/2021,287,1,65.15760025,,
Saudi Arabia,24/12/2021,332,1,65.18570101,,
Saudi Arabia,25/12/2021,325,1,65.22796392,,
Saudi Arabia,26/12/2021,389,1,65.30290589,,
Saudi Arabia,27/12/2021,524,1,65.36762168,,
Saudi Arabia,28/12/2021,602,1,65.43494353,,
Saudi Arabia,29/12/2021,744,1,65.49991115,,
Saudi Arabia,30/12/2021,752,1,65.56472032,,
Saudi Arabia,31/12/2021,819,2,65.59262301,,
Saudi Arabia,1/1/2022,846,1,65.62273561,,
Saudi Arabia,2/1/2022,1024,1,65.69041399,,
Saudi Arabia,3/1/2022,1746,2,65.75805559,,
Saudi Arabia,4/1/2022,2585,2,65.81937303,,
Saudi Arabia,5/1/2022,3045,3,65.88116018,,
Saudi Arabia,6/1/2022,3168,2,65.93891232,,
Saudi Arabia,7/1/2022,3575,2,65.96322425,,
Saudi Arabia,8/1/2022,3068,2,65.99646074,,
Saudi Arabia,9/1/2022,3460,1,66.06249795,,
Saudi Arabia,10/1/2022,4778,2,66.12405307,,
Saudi Arabia,11/1/2022,4652,2,66.18618544,,
Saudi Arabia,12/1/2022,5362,2,66.2427633,,
Saudi Arabia,13/1/2022,5499,2,66.29826874,,
Saudi Arabia,14/1/2022,5628,2,66.32422466,,
Saudi Arabia,15/1/2022,5281,2,66.35494846,,
Saudi Arabia,16/1/2022,5477,1,66.41013416,,
Saudi Arabia,17/1/2022,5505,2,66.46013885,,
Saudi Arabia,18/1/2022,5873,2,66.50349682,,
Saudi Arabia,19/1/2022,5928,2,66.55008619,,
Saudi Arabia,21/1/2022,4884,2,66.59021558,,
Saudi Arabia,22/1/2022,4608,2,66.59021558,,
Saudi Arabia,23/1/2022,4535,2,66.68823011,,
Saudi Arabia,24/1/2022,4838,2,66.75763454,,
Saudi Arabia,25/1/2022,4541,2,66.81006421,,
Saudi Arabia,26/1/2022,4526,3,66.86521595,,
Saudi Arabia,27/1/2022,4738,2,66.91404353,,
Saudi Arabia,28/1/2022,4474,2,66.93516933,,
Saudi Arabia,29/1/2022,3913,2,66.9397929,,
Saudi Arabia,31/1/2022,4211,4,67.06133838,,
Saudi Arabia,1/2/2022,3861,1,67.11857553,,
Saudi Arabia,2/2/2022,4092,2,67.18081542,,
Saudi Arabia,3/2/2022,3852,4,67.23989465,,
Saudi Arabia,4/2/2022,3555,3,67.26708145,,
Saudi Arabia,5/2/2022,3013,3,67.30368799,,
Saudi Arabia,6/2/2022,3260,1,67.36818024,,
Saudi Arabia,7/2/2022,3747,3,67.43669052,,
Saudi Arabia,8/2/2022,3330,2,67.49132727,,
Saudi Arabia,9/2/2022,3162,3,67.54067833,,
Saudi Arabia,10/2/2022,2866,3,67.60065737,,
Saudi Arabia,11/2/2022,2523,4,67.63030593,,
Saudi Arabia,12/2/2022,1726,2,67.67105217,,
Saudi Arabia,13/2/2022,2136,2,67.73705543,,
Saudi Arabia,14/2/2022,2227,1,67.79780129,,
Saudi Arabia,15/2/2022,1982,1,67.810144,,
Taiwan,6/12/2021,10,0,60.20672892,,
Taiwan,7/12/2021,21,0,60.98031491,,
Taiwan,8/12/2021,5,0,61.69158694,,
Taiwan,9/12/2021,16,0,62.07601775,,
Taiwan,10/12/2021,17,0,62.62036047,,
Taiwan,12/12/2021,6,0,62.98532786,,
Taiwan,13/12/2021,5,0,63.31657487,,
Taiwan,14/12/2021,10,0,63.53666702,,
Taiwan,15/12/2021,7,1,63.75128862,,
Taiwan,16/12/2021,12,0,63.93500266,,
Taiwan,17/12/2021,15,0,64.24557896,,
Taiwan,19/12/2021,6,1,64.43350595,,
Taiwan,20/12/2021,11,0,64.62720113,,
Taiwan,21/12/2021,10,0,64.82265694,,
Taiwan,22/12/2021,14,0,65.03005574,,
Taiwan,23/12/2021,13,0,65.21273437,,
Taiwan,24/12/2021,20,0,65.65961328,,
Taiwan,26/12/2021,24,0,65.75096097,,
Taiwan,27/12/2021,16,0,65.96573768,,
Taiwan,28/12/2021,19,0,66.27099014,,
Taiwan,30/12/2021,24,0,67.56624437,,
Taiwan,31/12/2021,41,0,67.73956228,,
Taiwan,2/1/2022,20,0,67.79833819,,
Taiwan,3/1/2022,25,0,67.96241276,,
Taiwan,4/1/2022,34,0,68.16488596,,
Taiwan,5/1/2022,26,0,68.38618122,,
Taiwan,6/1/2022,43,0,68.72904842,,
Taiwan,7/1/2022,60,0,69.33671957,,
Taiwan,12/1/2022,96,0,70.11594379,,
Taiwan,14/1/2022,68,0,70.64623495,,
Taiwan,16/1/2022,51,0,70.87140361,,
Taiwan,17/1/2022,65,0,71.05432956,,
Taiwan,18/1/2022,66,0,71.22913981,,
Taiwan,19/1/2022,54,0,71.40131749,,
Taiwan,20/1/2022,36,0,71.69919205,,
Taiwan,21/1/2022,68,0,71.9248847,,
Taiwan,23/1/2022,87,0,72.11499992,,
Taiwan,24/1/2022,51,0,72.32076803,,
Taiwan,25/1/2022,35,0,72.52924417,,
Taiwan,26/1/2022,92,0,72.72782721,,
Taiwan,27/1/2022,63,0,72.92188709,,
Taiwan,28/1/2022,68,0,73.12124984,,
Taiwan,6/2/2022,43,0,73.36356794,,
Taiwan,7/2/2022,48,0,73.45263519,,
Taiwan,8/2/2022,47,0,73.56034003,,
Taiwan,9/2/2022,54,0,73.67679357,,
Taiwan,10/2/2022,83,0,73.78589854,,
Taiwan,11/2/2022,79,0,73.89703663,,
Taiwan,13/2/2022,52,0,73.99446271,,
Taiwan,14/2/2022,54,0,74.09473516,,
Taiwan,15/2/2022,45,1,74.21184684,,
Taiwan,16/2/2022,66,0,74.31699457,,
Taiwan,17/2/2022,65,0,74.42443951,,
Taiwan,18/2/2022,67,0,74.54422568,,
Taiwan,20/2/2022,70,0,74.62800264,,
Taiwan,21/2/2022,49,0,74.70554611,,
Taiwan,22/2/2022,44,0,74.78918892,,
Taiwan,23/2/2022,56,0,74.86780134,,
Taiwan,24/2/2022,80,0,74.95977784,,
Taiwan,25/2/2022,68,1,75.07164953,,
Japan,30/9/2021,1575,42,60.0586124,,
Japan,3/10/2021,967,17,61.21503191,,
Japan,4/10/2021,599,24,61.81735417,,
Japan,5/10/2021,979,36,62.56030307,,
Japan,6/10/2021,1125,26,62.98917858,,
Japan,7/10/2021,972,39,63.42897351,,
Japan,10/10/2021,553,10,64.62634873,,
Japan,11/10/2021,369,20,65.09220537,,
Japan,12/10/2021,607,29,65.71141447,,
Japan,13/10/2021,731,33,66.09320024,,
Japan,14/10/2021,617,33,66.36704143,,
Japan,17/10/2021,428,13,67.32428409,,
Japan,18/10/2021,230,17,67.70071646,,
Japan,19/10/2021,371,27,68.29681583,,
Japan,20/10/2021,388,10,68.63559513,,
Japan,21/10/2021,343,16,68.97010075,,
Japan,24/10/2021,232,8,69.9434409,,
Japan,25/10/2021,151,7,70.4461311,,
Japan,27/10/2021,310,7,70.89130956,,
Japan,28/10/2021,273,9,71.52226314,,
Japan,31/10/2021,228,7,72.37510662,,
Japan,1/11/2021,84,7,72.80515626,,
Japan,3/11/2021,264,8,73.15070902,,
Japan,4/11/2021,158,6,73.42832647,,
Japan,7/11/2021,157,0,74.06693568,,
Japan,8/11/2021,100,3,74.38492574,,
Japan,9/11/2021,194,3,74.67961726,,
Japan,11/11/2021,207,4,75.04058523,,
Japan,14/11/2021,126,2,75.472523,,
Japan,15/11/2021,74,1,75.78175865,,
Japan,16/11/2021,144,4,75.96625491,,
Japan,17/11/2021,199,5,76.0949205,,
Japan,18/11/2021,148,5,76.20682856,,
Japan,21/11/2021,135,0,76.54075981,,
Japan,23/11/2021,107,2,76.7270958,,
Japan,24/11/2021,73,2,76.81127139,,
Japan,25/11/2021,112,2,76.89165565,,
Japan,28/11/2021,60,0,77.10334491,,
Japan,29/11/2021,76,1,77.21542433,,
Japan,30/11/2021,81,2,77.31265656,,
Japan,2/12/2021,113,1,77.39586032,,
Japan,5/12/2021,104,0,77.49673235,,
Japan,6/12/2021,54,1,77.56968627,,
Japan,8/12/2021,122,3,77.6621371,,
Japan,9/12/2021,154,1,77.70016938,,
Japan,12/12/2021,98,0,77.78598082,,
Japan,13/12/2021,67,1,77.8297473,,
Japan,14/12/2021,128,1,77.87173672,,
Japan,15/12/2021,159,1,77.89728277,,
Japan,16/12/2021,163,3,77.9229748,,
Japan,20/12/2021,109,1,78.03408001,,
Japan,21/12/2021,218,2,78.06767995,,
Japan,22/12/2021,220,2,78.09759884,,
Japan,23/12/2021,247,2,78.12130833,,
Japan,27/12/2021,163,0,78.19309765,,
Japan,28/12/2021,313,2,78.27017213,,
Japan,10/1/2022,6265,2,78.8674734,,
Japan,11/1/2022,6235,2,78.90168421,,
Japan,12/1/2022,13044,5,78.91263138,,
Japan,13/1/2022,18677,4,78.93267409,,
Japan,16/1/2022,25479,0,78.98205022,,
Japan,17/1/2022,20823,4,78.99393829,,
Japan,18/1/2022,32087,10,79.00941617,,
Japan,19/1/2022,41370,15,79.02837678,,
Japan,20/1/2022,45997,9,79.04267102,,
Japan,23/1/2022,49837,14,79.06135,,
Japan,24/1/2022,44663,17,79.06987434,,
Japan,25/1/2022,62489,43,79.07892228,,
Japan,26/1/2022,71487,34,79.08982899,,
Japan,27/1/2022,78736,47,79.10215577,,
Japan,30/1/2022,78003,30,79.14059741,,
Japan,31/1/2022,60858,48,79.1653065,,
Japan,1/2/2022,81593,70,79.19356098,,
Japan,2/2/2022,94771,82,79.20451054,,
Japan,3/2/2022,104345,90,79.21394404,,
Japan,6/2/2022,89818,68,79.24973516,,
Japan,7/2/2022,67939,113,79.26537648,,
Japan,8/2/2022,101084,159,79.28294241,,
Japan,9/2/2022,97799,162,79.29460755,,
Japan,13/2/2022,77380,137,79.32725946,,
Japan,14/2/2022,60053,149,79.34212331,,
Japan,15/2/2022,84158,236,79.35625254,,
Japan,16/2/2022,90885,230,79.36896487,,
Japan,17/2/2022,95115,271,79.38270457,,
Japan,20/2/2022,71494,159,79.42023547,,
Japan,21/2/2022,51909,173,79.43654874,,
Japan,24/2/2022,61152,206,79.47481347,,
China,26/8/2021,32,0,61.58628191,,
China,6/9/2021,36,0,67.14507605,,
China,15/9/2021,80,0,70.04381121,,
China,18/9/2021,66,0,70.77936595,,
China,28/9/2021,25,0,72.55645457,,
China,23/10/2021,44,0,73.92390921,,
China,29/10/2021,78,0,74.11536255,,
China,5/11/2021,60,0,74.25855442,,
China,12/11/2021,75,0,74.35486964,,
China,19/11/2021,23,0,74.52541199,,
China,29/11/2021,39,0,76.89334016,,
China,3/12/2021,90,0,77.89692958,,
China,10/12/2021,87,0,80.492663,,
China,17/12/2021,125,0,82.14068506,,
China,19/12/2021,102,0,82.63763285,,
China,25/12/2021,46,0,83.32284887,,
China,28/12/2021,197,0,83.60334706,,
China,6/1/2022,174,0,83.99020052,,
China,7/1/2022,159,0,84.18947818,,
China,14/1/2022,165,0,84.51532969,,
China,21/1/2022,63,0,84.78301816,,
China,28/1/2022,59,0,84.98638108,,
China,7/2/2022,105,0,85.05236843,,
China,18/2/2022,137,0,85.34339136,,
China,25/2/2022,249,0,85.48166706,,
Cambodia,18/9/2021,648,7,60.290193,,
Cambodia,19/9/2021,612,13,60.80392314,,
Cambodia,20/9/2021,622,14,61.4449366,,
Cambodia,21/9/2021,628,17,62.12475465,,
Cambodia,22/9/2021,637,14,62.69386513,,
Cambodia,23/9/2021,638,22,63.18043323,,
Cambodia,24/9/2021,822,21,63.57712408,,
Cambodia,25/9/2021,816,21,63.94321854,,
Cambodia,26/9/2021,830,25,64.22681192,,
Cambodia,27/9/2021,839,18,64.55181812,,
Cambodia,28/9/2021,866,26,64.82321426,,
Cambodia,29/9/2021,881,15,65.05961781,,
Cambodia,30/9/2021,978,17,65.26780305,,
Cambodia,1/10/2021,232,17,65.41436476,,
Cambodia,2/10/2021,174,24,65.53053661,,
Cambodia,3/10/2021,199,23,65.61369269,,
Cambodia,4/10/2021,219,23,65.68629788,,
Cambodia,5/10/2021,228,12,65.71181356,,
Cambodia,6/10/2021,221,13,65.71239775,,
Cambodia,7/10/2021,224,10,65.71443358,,
Cambodia,8/10/2021,203,18,65.98865036,,
Cambodia,9/10/2021,220,23,66.83234349,,
Cambodia,10/10/2021,239,24,67.85208533,,
Cambodia,11/10/2021,258,21,69.18477774,,
Cambodia,12/10/2021,267,17,70.46622047,,
Cambodia,13/10/2021,272,15,71.5860836,,
Cambodia,14/10/2021,268,25,72.57208385,,
Cambodia,15/10/2021,265,26,73.36619725,,
Cambodia,16/10/2021,267,24,74.00619575,,
Cambodia,17/10/2021,258,24,74.45368781,,
Cambodia,18/10/2021,195,12,75.02856351,,
Cambodia,19/10/2021,175,11,75.5182237,,
Cambodia,20/10/2021,166,12,75.86612556,,
Cambodia,21/10/2021,151,11,76.13550357,,
Cambodia,22/10/2021,148,11,76.36690313,,
Cambodia,23/10/2021,144,10,76.51910023,,
Cambodia,24/10/2021,128,9,76.64300822,,
Cambodia,25/10/2021,116,9,76.76819671,,
Cambodia,26/10/2021,112,8,76.82771361,,
Cambodia,27/10/2021,111,7,76.8665064,,
Cambodia,28/10/2021,109,8,76.92412321,,
Cambodia,29/10/2021,101,7,76.98615981,,
Cambodia,30/10/2021,106,8,77.04381202,,
Cambodia,31/10/2021,95,7,77.10073251,,
Cambodia,1/11/2021,91,6,77.19065697,,
Cambodia,2/11/2021,174,13,77.28628764,,
Cambodia,3/11/2021,0,0,77.36731938,,
Cambodia,4/11/2021,83,6,77.4394584,,
Cambodia,5/11/2021,78,5,77.50688256,,
Cambodia,7/11/2021,71,5,77.59253474,,
Cambodia,8/11/2021,68,6,77.67772074,,
Cambodia,9/11/2021,67,5,77.71640732,,
Cambodia,10/11/2021,65,5,77.78582011,,
Cambodia,11/11/2021,66,5,77.84187906,,
Cambodia,12/11/2021,63,6,77.89131125,,
Cambodia,13/11/2021,60,5,77.90924422,,
Cambodia,14/11/2021,55,6,77.91514516,,
Cambodia,15/11/2021,52,5,77.93598139,,
Cambodia,16/11/2021,48,4,78.0425052,,
Cambodia,17/11/2021,51,5,78.08148682,,
Cambodia,18/11/2021,54,6,78.0857355,,
Cambodia,19/11/2021,45,4,78.08830241,,
Cambodia,20/11/2021,40,5,78.09417385,,
Cambodia,21/11/2021,41,4,78.09822779,,
Cambodia,22/11/2021,37,5,78.16568147,,
Cambodia,23/11/2021,39,4,78.22042451,,
Cambodia,24/11/2021,34,5,78.26408558,,
Cambodia,25/11/2021,32,4,78.30611209,,
Cambodia,26/11/2021,29,4,78.35154935,,
Cambodia,27/11/2021,26,5,78.36838473,,
Cambodia,28/11/2021,23,4,78.39549956,,
Cambodia,29/11/2021,25,4,78.60337206,,
Cambodia,30/11/2021,22,5,78.7865137,,
Cambodia,1/12/2021,26,4,78.98094385,,
Cambodia,2/12/2021,23,5,79.16041511,,
Cambodia,3/12/2021,24,4,79.29233658,,
Cambodia,4/12/2021,25,3,79.40436597,,
Cambodia,5/12/2021,24,4,79.46003546,,
Cambodia,6/12/2021,16,3,79.60547598,,
Cambodia,7/12/2021,14,4,79.69348263,,
Cambodia,8/12/2021,14,4,79.79047052,,
Cambodia,9/12/2021,12,3,79.86268625,,
Cambodia,10/12/2021,15,4,79.90751571,,
Cambodia,11/12/2021,16,4,79.92952623,,
Cambodia,12/12/2021,12,3,79.94699302,,
Cambodia,13/12/2021,15,4,80.01274131,,
Cambodia,14/12/2021,12,3,80.06940806,,
Cambodia,15/12/2021,8,3,80.11447356,,
Cambodia,17/12/2021,8,3,80.18815273,,
Cambodia,18/12/2021,5,2,80.19764144,,
Cambodia,19/12/2021,6,2,80.20564312,,
Cambodia,20/12/2021,7,0,80.2493691,,
Cambodia,21/12/2021,4,0,80.28869298,,
Cambodia,22/12/2021,3,1,80.32426386,,
Cambodia,23/12/2021,4,0,80.35129608,,
Cambodia,24/12/2021,6,1,80.38577528,,
Cambodia,25/12/2021,5,1,80.3965209,,
Cambodia,26/12/2021,4,0,80.40361973,,
Cambodia,27/12/2021,15,1,80.48147677,,
Cambodia,28/12/2021,5,1,80.52024596,,
Cambodia,29/12/2021,4,1,80.55269524,,
Cambodia,30/12/2021,14,1,80.58310869,,
Cambodia,31/12/2021,6,0,80.60402753,,
Cambodia,1/1/2022,14,0,80.60915545,,
Cambodia,2/1/2022,3,1,80.61288485,,
Cambodia,3/1/2022,6,1,80.64924055,,
Cambodia,4/1/2022,10,1,80.68042113,,
Cambodia,5/1/2022,9,0,80.70494545,,
Cambodia,6/1/2022,18,0,80.72899769,,
Cambodia,7/1/2022,11,0,80.73767208,,
Cambodia,8/1/2022,27,0,80.74615173,,
Cambodia,9/1/2022,30,0,80.75545162,,
Cambodia,10/1/2022,15,0,80.78836117,,
Cambodia,11/1/2022,34,0,80.81865661,,
Cambodia,12/1/2022,48,0,80.84257313,,
Cambodia,14/1/2022,10,0,80.88505991,,
Cambodia,15/1/2022,45,0,80.8968795,,
Cambodia,16/1/2022,23,0,80.9087581,,
Cambodia,17/1/2022,29,0,80.93610896,,
Cambodia,18/1/2022,22,0,80.96340082,,
Cambodia,19/1/2022,30,0,80.98470322,,
Cambodia,20/1/2022,37,0,81.00866105,,
Cambodia,21/1/2022,42,0,81.0284174,,
Cambodia,22/1/2022,44,0,81.04228462,,
Cambodia,23/1/2022,26,0,81.05169072,,
Cambodia,24/1/2022,40,0,81.07492273,,
Cambodia,25/1/2022,28,0,81.10026138,,
Cambodia,26/1/2022,22,0,81.12558822,,
Cambodia,27/1/2022,34,0,81.14785838,,
Cambodia,28/1/2022,38,0,81.17513253,,
Cambodia,29/1/2022,54,0,81.18516413,,
Cambodia,30/1/2022,57,0,81.19147224,,
Cambodia,31/1/2022,56,0,81.20068361,,
Cambodia,1/2/2022,35,0,81.21666336,,
Cambodia,2/2/2022,48,0,81.231935,,
Cambodia,3/2/2022,46,0,81.25543256,,
Cambodia,4/2/2022,66,0,81.27392021,,
Cambodia,6/2/2022,111,0,81.29148731,,
Cambodia,7/2/2022,108,0,81.31610014,,
Cambodia,8/2/2022,102,0,81.33804575,,
Cambodia,9/2/2022,223,0,81.3584276,,
Cambodia,11/2/2022,274,0,81.3997224,,
Cambodia,12/2/2022,300,0,81.41030279,,
Cambodia,13/2/2022,401,0,81.41784419,,
Cambodia,14/2/2022,512,0,81.44053331,,
Cambodia,15/2/2022,184,0,81.48350397,,
Cambodia,17/2/2022,444,0,81.50770374,,
Cambodia,19/2/2022,552,0,81.54008811,,
Cambodia,20/2/2022,736,2,81.54850285,,
Cambodia,21/2/2022,488,3,81.56902043,,
Cambodia,22/2/2022,598,2,81.59282483,,
Cambodia,23/2/2022,558,1,81.62062417,,
Cambodia,24/2/2022,466,3,81.64978073,,
Cambodia,25/2/2022,479,1,81.67822917,,
Bhutan,1/8/2021,3,0,60.71073215,,
Bhutan,2/8/2021,6,0,60.74047955,,
Bhutan,3/8/2021,8,0,60.78304911,,
Bhutan,15/8/2021,1,0,60.84715989,,
Bhutan,22/8/2021,0,0,60.95948198,,
Bhutan,30/8/2021,1,0,61.28106167,,
Bhutan,5/9/2021,0,0,61.29670471,,
Bhutan,12/9/2021,0,0,61.40492371,,
Bhutan,19/9/2021,0,0,63.37722785,,
Bhutan,26/9/2021,0,0,63.65957174,,
Bhutan,3/10/2021,7,0,63.89203744,,
Bhutan,10/10/2021,0,0,64.40235928,,
Bhutan,18/10/2021,0,0,66.35632773,,
Bhutan,24/10/2021,0,0,66.43608155,,
Bhutan,31/10/2021,0,0,71.78343377,,
Bhutan,21/11/2021,0,0,72.33517118,,
Bhutan,28/11/2021,4,0,72.36055905,,
Bhutan,5/12/2021,0,0,72.39530709,,
Bhutan,20/12/2021,0,0,72.45557123,,
Bhutan,2/1/2022,0,0,72.96025131,,
Bhutan,16/1/2022,24,0,73.10514168,,
Bhutan,23/1/2022,92,0,73.12193871,,
Bhutan,30/1/2022,119,0,73.18258751,,
Bhutan,6/2/2022,158,0,73.23938967,,
Bhutan,13/2/2022,230,0,73.39723041,,
Mongolia,7/8/2021,1463,5,60.01257929,,
Mongolia,8/8/2021,1071,11,60.02540488,,
Mongolia,9/8/2021,957,0,60.09538994,,
Mongolia,10/8/2021,1433,3,60.16462408,,
Mongolia,11/8/2021,1443,3,60.27987416,,
Mongolia,12/8/2021,0,6,60.40816008,,
Mongolia,13/8/2021,1453,2,60.57140849,,
Mongolia,14/8/2021,1402,1,60.63076063,,
Mongolia,15/8/2021,1300,4,60.64052249,,
Mongolia,16/8/2021,1061,4,60.74970519,,
Mongolia,18/8/2021,1582,5,61.08262983,,
Mongolia,19/8/2021,1875,2,61.23116035,,
Mongolia,20/8/2021,1841,1,61.6219353,,
Mongolia,21/8/2021,1651,4,61.68525226,,
Mongolia,22/8/2021,1780,6,61.73307037,,
Mongolia,23/8/2021,1566,5,61.93858015,,
Mongolia,24/8/2021,1596,0,62.09720294,,
Mongolia,25/8/2021,2433,6,62.26549749,,
Mongolia,26/8/2021,2467,6,62.39065961,,
Mongolia,28/8/2021,2422,1,62.60094519,,
Mongolia,29/8/2021,2414,7,62.62611578,,
Mongolia,30/8/2021,2209,6,62.77152251,,
Mongolia,31/8/2021,2740,0,62.90362306,,
Mongolia,1/9/2021,3726,7,62.9882359,,
Mongolia,2/9/2021,3805,4,63.070596,,
Mongolia,3/9/2021,3638,9,63.13589537,,
Mongolia,4/9/2021,3696,0,63.1750029,,
Mongolia,5/9/2021,3628,11,63.19026144,,
Mongolia,6/9/2021,3766,0,63.24844216,,
Mongolia,7/9/2021,4664,8,63.31422211,,
Mongolia,8/9/2021,6203,6,63.37696837,,
Mongolia,9/9/2021,6273,10,63.40325031,,
Mongolia,11/9/2021,4405,14,63.46164128,,
Mongolia,13/9/2021,3405,0,63.54189882,,
Mongolia,14/9/2021,4370,10,63.59130888,,
Mongolia,15/9/2021,4976,18,63.62978564,,
Mongolia,16/9/2021,5166,0,63.66099357,,
Mongolia,17/9/2021,5239,9,63.70589815,,
Mongolia,19/9/2021,5508,11,63.72833542,,
Mongolia,20/9/2021,5509,0,63.76119536,,
Mongolia,21/9/2021,8777,13,63.78858865,,
Mongolia,22/9/2021,9255,27,63.81508085,,
Mongolia,23/9/2021,8084,0,63.83847929,,
Mongolia,24/9/2021,7380,12,63.8648213,,
Mongolia,26/9/2021,5084,0,63.87488353,,
Mongolia,27/9/2021,4284,36,63.90368854,,
Mongolia,28/9/2021,8400,16,63.92678662,,
Mongolia,29/9/2021,7797,19,63.95090593,,
Mongolia,30/9/2021,7633,0,63.97403404,,
Mongolia,1/10/2021,7490,18,63.98884204,,
Mongolia,2/10/2021,7224,38,63.99905445,,
Mongolia,3/10/2021,4732,14,64.0013973,,
Mongolia,4/10/2021,3422,0,64.02176205,,
Mongolia,5/10/2021,7589,15,64.03717078,,
Mongolia,6/10/2021,7696,29,64.05321027,,
Mongolia,7/10/2021,7549,0,64.06522487,,
Mongolia,10/10/2021,4927,31,64.0897647,,
Mongolia,11/10/2021,4012,0,64.10123865,,
Mongolia,12/10/2021,7720,32,64.11427449,,
Mongolia,13/10/2021,8002,15,64.13118504,,
Mongolia,14/10/2021,7183,0,64.14386045,,
Mongolia,15/10/2021,7009,30,64.15407286,,
Mongolia,17/10/2021,6867,29,64.15986991,,
Mongolia,18/10/2021,3693,18,64.16927133,,
Mongolia,19/10/2021,6634,17,64.17897312,,
Mongolia,20/10/2021,7332,16,64.18738335,,
Mongolia,24/10/2021,3921,17,64.21144259,,
Mongolia,26/10/2021,5597,12,64.23276851,,
Mongolia,28/10/2021,5388,12,64.25475523,,
Mongolia,31/10/2021,24556,11,64.27301743,,
Mongolia,5/11/2021,3944,11,64.31338649,,
Mongolia,6/11/2021,3372,21,64.31645021,,
Mongolia,8/11/2021,1969,0,64.34068967,,
Mongolia,10/11/2021,3862,11,64.36919432,,
Mongolia,11/11/2021,3204,10,64.38217009,,
Mongolia,12/11/2021,2888,19,64.41103517,,
Mongolia,14/11/2021,2457,19,64.41680218,,
Mongolia,15/11/2021,1423,0,64.4324512,,
Mongolia,16/11/2021,1747,21,64.44957201,,
Mongolia,18/11/2021,3588,6,64.47603417,,
Mongolia,19/11/2021,2911,8,64.48940042,,
Mongolia,21/11/2021,1714,8,64.49841137,,
Mongolia,22/11/2021,1162,10,64.5113571,,
Mongolia,23/11/2021,1685,0,64.5246032,,
Mongolia,24/11/2021,2585,18,64.54265514,,
Mongolia,25/11/2021,1788,5,64.55983602,,
Mongolia,27/11/2021,1830,9,64.56998836,,
Mongolia,28/11/2021,1189,0,64.57506453,,
Mongolia,29/11/2021,1068,13,64.59287618,,
Mongolia,1/12/2021,1979,3,64.62961083,,
Mongolia,2/12/2021,1803,0,64.65018584,,
Mongolia,3/12/2021,1845,5,64.66616526,,
Mongolia,4/12/2021,922,3,64.67562676,,
Mongolia,5/12/2021,1111,1,64.68085311,,
Mongolia,6/12/2021,797,0,64.69767355,,
Mongolia,8/12/2021,1091,3,64.72885145,,
Mongolia,9/12/2021,995,5,64.73639061,,
Mongolia,11/12/2021,869,5,64.75498321,,
Mongolia,12/12/2021,566,3,64.76041981,,
Mongolia,13/12/2021,401,0,64.76243226,,
Mongolia,14/12/2021,606,2,64.77841168,,
Mongolia,15/12/2021,917,1,64.84899747,,
Mongolia,16/12/2021,864,2,64.86332489,,
Mongolia,17/12/2021,684,0,64.87600029,,
Mongolia,18/12/2021,702,2,64.88251821,,
Mongolia,19/12/2021,623,2,64.88537168,,
Mongolia,21/12/2021,617,5,64.90234231,,
Mongolia,22/12/2021,818,1,64.91874224,,
Mongolia,23/12/2021,565,0,64.92925502,,
Mongolia,24/12/2021,230,3,64.94496411,,
Mongolia,25/12/2021,310,0,64.96058309,,
Mongolia,27/12/2021,273,1,64.96550908,,
Mongolia,28/12/2021,405,0,64.97539109,,
Mongolia,29/12/2021,431,2,64.98482255,,
Mongolia,31/12/2021,593,0,64.98614416,,
Mongolia,1/1/2022,498,1,65.00191333,,
Mongolia,4/1/2022,1347,3,65.00990304,,
Mongolia,5/1/2022,745,2,65.01639092,,
Mongolia,6/1/2022,1869,0,65.02362972,,
Mongolia,7/1/2022,2001,3,65.05492776,,
Mongolia,8/1/2022,2353,0,65.0628574,,
Mongolia,9/1/2022,1428,4,65.06613138,,
Mongolia,10/1/2022,2394,0,65.0679636,,
Mongolia,11/1/2022,3443,2,65.07577309,,
Mongolia,12/1/2022,3222,3,65.08361262,,
Mongolia,13/1/2022,2610,0,65.093795,,
Mongolia,14/1/2022,6280,3,65.09712905,,
Mongolia,16/1/2022,7089,1,65.12073774,,
Mongolia,17/1/2022,4704,3,65.12290037,,
Mongolia,18/1/2022,5640,0,65.13512523,,
Mongolia,19/1/2022,9071,3,65.143986,,
Mongolia,20/1/2022,4441,0,65.14813104,,
Mongolia,21/1/2022,11059,1,65.15509951,,
Mongolia,22/1/2022,8269,1,65.15981524,,
Mongolia,24/1/2022,5228,4,65.16320936,,
Mongolia,25/1/2022,4871,2,65.17002765,,
Mongolia,26/1/2022,12310,2,65.17390236,,
Mongolia,27/1/2022,7768,0,65.17936901,,
Mongolia,28/1/2022,7896,2,65.18892061,,
Mongolia,29/1/2022,6646,3,65.19471766,,
Mongolia,30/1/2022,2725,2,65.19591912,,
Mongolia,31/1/2022,4724,4,65.19648981,,
Mongolia,1/2/2022,5092,2,65.19997405,,
Mongolia,3/2/2022,3472,1,65.20093522,,
Mongolia,9/2/2022,2396,3,65.21084726,,
Mongolia,10/2/2022,1192,2,65.21445164,,
Mongolia,11/2/2022,10876,5,65.22226114,,
Mongolia,13/2/2022,0,1,65.22763767,,
Mongolia,14/2/2022,10114,2,65.22868895,,
Mongolia,15/2/2022,2809,1,65.23241348,,
Mongolia,16/2/2022,2904,3,65.23406548,,
Mongolia,18/2/2022,0,5,65.24352698,,
Mongolia,20/2/2022,0,0,65.24689107,,
Mongolia,22/2/2022,704,2,65.25226761,,
Mongolia,24/2/2022,1081,4,65.2607379,,
Mongolia,25/2/2022,1737,0,65.26374155,,
Mongolia,26/2/2022,,1,65.26659502,,
Israel,12/9/2021,6571,45,60.00934237,1209,94
Israel,13/9/2021,11800,23,60.09780433,1220,103
Israel,14/9/2021,10730,32,60.17737596,1278,108
Israel,15/9/2021,7429,14,60.20627489,1271,100
Israel,16/9/2021,6191,13,60.21196857,1195,97
Israel,17/9/2021,3040,29,60.28721343,1237,103
Israel,18/9/2021,8954,17,60.31871704,1252,103
Israel,19/9/2021,7732,30,60.4338392,1221,95
Israel,20/9/2021,6935,14,60.48350016,1206,87
Israel,21/9/2021,7198,12,60.5053385,1159,80
Israel,22/9/2021,5371,25,60.58306964,1168,84
Israel,23/9/2021,6718,19,60.64636745,1177,97
Israel,24/9/2021,2249,0,60.69109891,1084,99
Israel,25/9/2021,6345,38,60.71520827,1017,102
Israel,26/9/2021,3261,26,60.7793456,992,106
Israel,27/9/2021,4024,9,60.8271015,982,115
Israel,28/9/2021,4165,8,60.83956517,930,114
Israel,29/9/2021,2875,40,60.92912496,918,108
Israel,30/9/2021,4948,29,61.02103111,892,97
Israel,1/10/2021,3352,5,61.06239371,860,82
Israel,2/10/2021,2407,12,61.08503929,860,75
Israel,3/10/2021,2152,43,61.16309332,806,68
Israel,4/10/2021,3369,22,61.23555053,753,61
Israel,5/10/2021,2845,12,61.29242277,736,58
Israel,6/10/2021,2246,7,61.33711118,674,53
Israel,7/10/2021,2379,20,61.37998063,635,44
Israel,8/10/2021,1809,3,61.40812614,590,43
Israel,9/10/2021,1579,12,61.42344204,553,44
Israel,10/10/2021,1355,23,61.46358842,522,41
Israel,11/10/2021,2159,20,61.49502745,499,36
Israel,12/10/2021,1868,12,61.52709073,476,33
Israel,13/10/2021,1557,7,61.55319126,451,32
Israel,14/10/2021,1613,13,61.58186417,425,36
Israel,15/10/2021,1305,4,61.59964482,415,40
Israel,16/10/2021,1104,7,61.6096545,396,39
Israel,17/10/2021,1000,16,61.63668066,373,41
Israel,18/10/2021,1441,11,61.65440749,347,43
Israel,19/10/2021,1243,11,61.66790442,325,40
Israel,20/10/2021,901,8,61.69240125,308,38
Israel,21/10/2021,1060,7,61.72544398,298,37
Israel,22/10/2021,932,3,61.74054461,276,32
Israel,23/10/2021,501,7,61.75397697,258,30
Israel,24/10/2021,684,3,61.78252072,239,31
Israel,25/10/2021,961,13,61.81167797,231,27
Israel,26/10/2021,857,1,61.83345173,218,28
Israel,27/10/2021,599,10,61.86080077,212,30
Israel,28/10/2021,675,8,61.89028092,193,28
Israel,29/10/2021,571,4,61.90233559,182,26
Israel,30/10/2021,384,0,61.90786783,180,25
Israel,31/10/2021,332,15,61.93452804,180,17
Israel,1/11/2021,760,3,61.95690453,177,15
Israel,2/11/2021,3379,3,61.97857066,170,13
Israel,3/11/2021,650,3,61.99867614,146,10
Israel,4/11/2021,554,3,62.02860833,140,8
Israel,5/11/2021,462,0,62.0380691,134,8
Israel,6/11/2021,342,2,62.04214832,131,6
Israel,7/11/2021,384,8,62.0611129,111,6
Israel,8/11/2021,777,2,62.0780325,95,7
Israel,9/11/2021,418,6,62.09502745,100,9
Israel,10/11/2021,470,3,62.11258207,105,10
Israel,11/11/2021,520,5,62.1332257,107,10
Israel,12/11/2021,413,2,62.14185771,104,10
Israel,13/11/2021,295,0,62.14483909,100,12
Israel,14/11/2021,308,3,62.16225379,108,13
Israel,15/11/2021,591,0,62.17951781,107,12
Israel,16/11/2021,452,5,62.194457,99,11
Israel,17/11/2021,580,6,62.21099989,93,10
Israel,18/11/2021,445,0,62.22886665,93,9
Israel,19/11/2021,465,0,62.23682058,95,8
Israel,20/11/2021,361,0,62.23930686,93,7
Israel,21/11/2021,351,22,62.25562372,92,7
Israel,22/11/2021,701,1,62.2717899,98,9
Israel,23/11/2021,-1149,1,62.28966742,99,12
Israel,24/11/2021,494,2,62.30359488,102,13
Israel,25/11/2021,607,2,62.32052524,98,12
Israel,26/11/2021,453,0,62.3282962,96,13
Israel,27/11/2021,340,2,62.33164353,103,12
Israel,28/11/2021,329,5,62.34748682,100,14
Israel,29/11/2021,766,6,62.35951997,96,12
Israel,30/11/2021,684,1,62.37029383,109,9
Israel,1/12/2021,443,3,62.3818857,104,9
Israel,2/12/2021,565,0,62.39718007,100,10
Israel,3/12/2021,415,0,62.40416532,106,11
Israel,4/12/2021,359,0,62.40661931,101,11
Israel,5/12/2021,473,5,62.42001937,105,7
Israel,6/12/2021,755,5,62.43274136,108,7
Israel,7/12/2021,804,1,62.44873534,103,6
Israel,8/12/2021,755,0,62.46144656,108,6
Israel,9/12/2021,571,0,62.47455602,113,7
Israel,10/12/2021,585,0,62.48175654,113,6
Israel,11/12/2021,356,0,62.48442579,124,6
Israel,12/12/2021,474,6,62.4997955,120,6
Israel,13/12/2021,800,7,62.51436874,117,5
Israel,14/12/2021,761,1,62.579873,117,5
Israel,15/12/2021,627,3,62.65938005,116,5
Israel,16/12/2021,878,3,62.75193198,121,4
Israel,17/12/2021,720,0,62.80699602,124,4
Israel,18/12/2021,696,2,62.83819826,119,5
Israel,19/12/2021,794,0,62.93857497,124,9
Israel,20/12/2021,1356,0,63.0193413,138,10
Israel,21/12/2021,1120,0,63.11222689,132,10
Israel,22/12/2021,1200,7,63.19972016,143,9
Israel,23/12/2021,1745,2,63.31011732,158,9
Israel,24/12/2021,1351,0,63.37719298,175,8
Israel,25/12/2021,1455,0,63.40478958,178,7
Israel,26/12/2021,1241,1,63.50068884,197,5
Israel,27/12/2021,3046,0,63.57746206,222,4
Israel,28/12/2021,2995,1,63.65747498,256,5
Israel,29/12/2021,3446,0,63.72156926,283,6
Israel,30/12/2021,5600,0,63.80471424,312,5
Israel,31/12/2021,3886,0,63.84417178,335,5
Israel,1/1/2022,6121,1,63.86126359,375,6
Israel,2/1/2022,5060,0,63.93109461,420,4
Israel,3/1/2022,9803,3,63.98748251,483,5
Israel,4/1/2022,6882,0,64.05140459,571,9
Israel,5/1/2022,17232,6,64.11293725,666,9
Israel,6/1/2022,19418,6,64.19853622,752,11
Israel,7/1/2022,14745,0,64.24736842,861,17
Israel,8/1/2022,22398,0,64.27367345,985,20
Israel,9/1/2022,17491,10,64.35686148,1195,24
Israel,10/1/2022,54515,2,64.4390593,1400,32
Israel,11/1/2022,31502,3,64.53171887,1521,32
Israel,12/1/2022,80523,16,64.62109568,1717,39
Israel,13/1/2022,25883,3,64.72448606,1935,45
Israel,14/1/2022,23477,5,64.7774513,2124,49
Israel,15/1/2022,54647,6,64.81145194,2287,64
Israel,16/1/2022,18501,14,64.90311054,2426,68
Israel,17/1/2022,0,0,64.97888279,2586,72
Israel,18/1/2022,0,0,65.05815305,2806,82
Israel,19/1/2022,243295,44,65.12655258,2889,88
Israel,20/1/2022,68513,8,65.20135615,3074,95
Israel,21/1/2022,64071,1,65.24135185,3208,112
Israel,22/1/2022,44580,22,65.25701216,3271,116
Israel,23/1/2022,0,0,65.31750081,3425,125
Israel,24/1/2022,212234,88,65.36570875,3523,139
Israel,25/1/2022,80643,21,65.4129803,3665,157
Israel,26/1/2022,93983,11,65.44826176,3716,171
Israel,27/1/2022,60271,43,65.49563018,3660,194
Israel,28/1/2022,45376,43,65.52111721,3627,198
Israel,29/1/2022,53928,59,65.53226779,3624,199
Israel,30/1/2022,71130,67,65.58295124,3604,216
Israel,31/1/2022,70415,80,65.61715639,3593,214
Israel,1/2/2022,65875,121,65.64697019,3439,218
Israel,2/2/2022,70691,1,65.67257561,3526,223
Israel,3/2/2022,58677,86,65.70243246,3483,221
Israel,4/2/2022,15488,98,65.71299107,3487,216
Israel,5/2/2022,31511,27,65.71658594,3414,216
Israel,6/2/2022,53730,42,65.74121193,3325,213
Israel,7/2/2022,50878,46,65.75517167,3189,222
Israel,8/2/2022,38854,77,65.77119793,3142,204
Israel,9/2/2022,29955,34,65.78291895,2879,189
Israel,10/2/2022,31422,62,65.79672802,2757,174
Israel,11/2/2022,27047,35,65.80232483,2573,170
Israel,12/2/2022,20061,32,65.80327198,2478,166
Israel,13/2/2022,31338,78,65.81341083,2286,163
Israel,14/2/2022,25430,80,65.82009472,2153,153
Israel,15/2/2022,22594,27,65.82827467,1967,149
Israel,16/2/2022,17838,36,65.83440964,1913,144
Israel,17/2/2022,19910,110,65.84223442,1796,132
Israel,18/2/2022,11589,31,65.84547411,1676,120
Israel,19/2/2022,11598,14,65.8463244,1594,118
Israel,20/2/2022,17803,129,65.85283608,1490,114
Israel,21/2/2022,13951,30,65.85717361,1389,93
Israel,22/2/2022,10107,37,65.86200624,1310,92
Israel,23/2/2022,12410,37,65.86571951,1234,90
Israel,24/2/2022,12571,30,65.87047681,1153,91
Israel,25/2/2022,5607,9,65.87194059,1113,96
Israel,26/2/2022,7720,12,65.87222043,1046,84
Maldives,15/9/2021,92,0,60.45215408,,
Maldives,16/9/2021,86,0,60.7082153,,
Maldives,17/9/2021,84,2,60.76045767,,
Maldives,18/9/2021,162,0,60.96262095,,
Maldives,20/9/2021,79,0,61.16938302,,
Maldives,21/9/2021,220,0,61.37780067,,
Maldives,23/9/2021,86,0,61.66053493,,
Maldives,24/9/2021,61,1,61.67782642,,
Maldives,25/9/2021,126,1,61.79426805,,
Maldives,27/9/2021,122,0,62.04573047,,
Maldives,29/9/2021,141,0,62.24918141,,
Maldives,30/9/2021,89,0,62.4482175,,
Maldives,2/10/2021,105,0,62.67797358,,
Maldives,3/10/2021,0,0,62.80140539,,
Maldives,4/10/2021,136,1,62.97358449,,
Maldives,5/10/2021,91,0,63.12295353,,
Maldives,6/10/2021,80,0,63.30212281,,
Maldives,8/10/2021,46,1,63.50079099,,
Maldives,9/10/2021,71,1,63.64666495,,
Maldives,10/10/2021,83,0,63.79106729,,
Maldives,11/10/2021,74,0,63.93399801,,
Maldives,12/10/2021,110,1,64.13708105,,
Maldives,13/10/2021,106,2,64.2779883,,
Maldives,14/10/2021,94,0,64.51914941,,
Maldives,16/10/2021,111,0,64.59824878,,
Maldives,17/10/2021,77,1,64.67201354,,
Maldives,19/10/2021,113,1,64.86645083,,
Maldives,20/10/2021,95,0,64.95493175,,
Maldives,21/10/2021,131,1,65.07725985,,
Maldives,23/10/2021,225,0,65.1859755,,
Maldives,24/10/2021,92,0,65.25863655,,
Maldives,25/10/2021,149,0,65.34895699,,
Maldives,26/10/2021,115,2,65.44755528,,
Maldives,28/10/2021,128,1,65.68706081,,
Maldives,30/10/2021,0,0,65.73672786,,
Maldives,31/10/2021,151,0,65.81196424,,
Maldives,1/11/2021,277,0,65.88830433,,
Maldives,2/11/2021,143,0,65.99168537,,
Maldives,6/11/2021,119,0,66.11125418,,
Maldives,8/11/2021,149,0,66.17821272,,
Maldives,9/11/2021,160,1,66.25234539,,
Maldives,10/11/2021,129,0,66.3301571,,
Maldives,14/11/2021,127,0,66.40245024,,
Maldives,15/11/2021,159,0,66.44291969,,
Maldives,16/11/2021,118,0,66.47860638,,
Maldives,17/11/2021,149,1,66.52349067,,
Maldives,18/11/2021,74,0,66.57977999,,
Maldives,21/11/2021,124,0,66.65060152,,
Maldives,22/11/2021,96,0,66.68573636,,
Maldives,23/11/2021,123,0,66.72712557,,
Maldives,25/11/2021,76,0,66.80217799,,
Maldives,27/11/2021,76,0,66.83161032,,
Maldives,28/11/2021,114,0,66.88127736,,
Maldives,30/11/2021,107,0,66.97362128,,
Maldives,1/12/2021,100,1,67.00066223,,
Maldives,2/12/2021,143,0,67.03248593,,
Maldives,4/12/2021,102,2,67.05419227,,
Maldives,5/12/2021,116,1,67.08583202,,
Maldives,6/12/2021,157,1,67.10827416,,
Maldives,7/12/2021,133,0,67.15095103,,
Maldives,9/12/2021,125,0,67.20356131,,
Maldives,11/12/2021,218,1,67.23115412,,
Maldives,12/12/2021,55,1,67.25359626,,
Maldives,13/12/2021,127,0,67.27585446,,
Maldives,14/12/2021,124,0,67.30473493,,
Maldives,15/12/2021,162,1,67.33343144,,
Maldives,16/12/2021,97,0,67.35679335,,
Maldives,18/12/2021,131,0,67.36507119,,
Maldives,19/12/2021,93,0,67.39229609,,
Maldives,20/12/2021,100,1,67.40958758,,
Maldives,22/12/2021,121,0,67.46403738,,
Maldives,26/12/2021,132,0,67.52290203,,
Maldives,27/12/2021,168,0,67.54607998,,
Maldives,28/12/2021,190,1,67.57404069,,
Maldives,29/12/2021,198,0,67.5931717,,
Maldives,2/1/2022,161,0,67.63400905,,
Maldives,4/1/2022,228,1,67.66951179,,
Maldives,5/1/2022,224,0,67.68514771,,
Maldives,6/1/2022,304,1,67.70299106,,
Maldives,8/1/2022,337,0,67.72248997,,
Maldives,9/1/2022,384,0,67.7381259,,
Maldives,10/1/2022,454,0,67.75891248,,
Maldives,12/1/2022,536,0,67.80876347,,
Maldives,15/1/2022,954,0,67.83249329,,
Maldives,16/1/2022,1209,0,67.84463412,,
Maldives,17/1/2022,1420,0,67.85732681,,
Maldives,19/1/2022,2137,0,67.88565542,,
Maldives,22/1/2022,2349,0,67.9060741,,
Maldives,23/1/2022,2484,1,67.92465325,,
Maldives,24/1/2022,2707,0,67.94028917,,
Maldives,25/1/2022,2609,1,67.956293,,
Maldives,26/1/2022,2813,1,67.97965491,,
Maldives,29/1/2022,2689,0,68.01000699,,
Maldives,30/1/2022,2838,1,68.029138,,
Maldives,31/1/2022,2754,1,68.04072698,,
Maldives,1/2/2022,2180,1,68.06022589,,
Maldives,2/2/2022,2142,1,68.07181487,,
Maldives,5/2/2022,1589,1,68.07825319,,
Maldives,6/2/2022,1757,2,68.09186564,,
Maldives,7/2/2022,1576,1,68.10970899,,
Maldives,8/2/2022,1502,1,68.11945845,,
Maldives,9/2/2022,1096,1,68.12828814,,
Maldives,10/2/2022,1406,1,68.14042898,,
Maldives,12/2/2022,1128,1,68.14484382,,
Maldives,13/2/2022,1030,1,68.15698466,,
Maldives,15/2/2022,1037,0,68.17151687,,
Maldives,17/2/2022,805,1,68.18880836,,
Maldives,19/2/2022,648,0,68.1928553,,
Turkey,15/12/2021,19872,193,60.01275053,,
Turkey,16/12/2021,18100,167,60.05673547,,
Turkey,17/12/2021,18141,190,60.11051785,,
Turkey,18/12/2021,17644,191,60.13787703,,
Turkey,19/12/2021,16910,171,60.15996357,,
Turkey,20/12/2021,18762,176,60.20763843,,
Turkey,21/12/2021,19859,187,60.25515454,,
Turkey,22/12/2021,19095,179,60.30179227,,
Turkey,23/12/2021,18771,168,60.34738111,,
Turkey,24/12/2021,18910,133,60.40011224,,
Turkey,25/12/2021,20470,0,60.42509027,,
Turkey,26/12/2021,20138,318,60.44640662,,
Turkey,27/12/2021,26099,157,60.49557719,,
Turkey,28/12/2021,32176,184,60.5427664,,
Turkey,29/12/2021,36684,0,60.58973808,,
Turkey,30/12/2021,39681,281,60.63505883,,
Turkey,31/12/2021,40786,163,60.68113096,,
Turkey,1/1/2022,36731,145,60.70092453,,
Turkey,2/1/2022,33520,129,60.72110497,,
Turkey,3/1/2022,44869,160,60.7662952,,
Turkey,5/1/2022,66467,143,60.85986345,,
Turkey,6/1/2022,68413,156,60.90878356,,
Turkey,7/1/2022,63214,157,60.96674147,,
Turkey,8/1/2022,66237,141,60.99623606,,
Turkey,9/1/2022,61727,173,61.02081546,,
Turkey,10/1/2022,65236,141,61.07164873,,
Turkey,11/1/2022,74266,137,61.11839111,,
Turkey,12/1/2022,77722,145,61.16501943,,
Turkey,13/1/2022,75564,153,61.20617874,,
Turkey,14/1/2022,67857,0,61.25493658,,
Turkey,15/1/2022,63967,344,61.27783918,,
Turkey,16/1/2022,54100,136,61.29389111,,
Turkey,17/1/2022,64935,162,61.32892056,,
Turkey,18/1/2022,69658,157,61.35998729,,
Turkey,19/1/2022,72615,176,61.38297103,,
Turkey,20/1/2022,71843,166,61.40698484,,
Turkey,21/1/2022,72555,181,61.43286594,,
Turkey,22/1/2022,72856,184,61.44428843,,
Turkey,23/1/2022,65503,185,61.454635,,
Turkey,24/1/2022,67023,156,61.47796562,,
Turkey,25/1/2022,76341,174,61.49848707,,
Turkey,26/1/2022,77434,188,61.51881567,,
Turkey,27/1/2022,82180,174,61.54044362,,
Turkey,28/1/2022,93586,210,61.56624712,,
Turkey,29/1/2022,94783,174,61.57778367,,
Turkey,30/1/2022,88145,189,61.58763519,,
Turkey,31/1/2022,93261,182,61.61596918,,
Turkey,1/2/2022,102601,198,61.6424488,,
Turkey,2/2/2022,110682,217,61.66738215,,
Turkey,3/2/2022,107530,233,61.69139126,,
Turkey,4/2/2022,111157,248,61.72123978,,
Turkey,5/2/2022,98715,221,61.73422619,,
Turkey,6/2/2022,87934,201,61.74432699,,
Turkey,7/2/2022,96514,236,61.7693744,,
Turkey,8/2/2022,111096,241,61.79111053,,
Turkey,9/2/2022,108563,266,61.81237161,,
Turkey,10/2/2022,98602,264,61.83368442,,
Turkey,11/2/2022,95065,253,61.85891526,,
Turkey,12/2/2022,86193,272,61.8703013,,
Turkey,13/2/2022,73787,276,61.87876058,,
Turkey,14/2/2022,76632,266,61.89930084,,
Turkey,15/2/2022,94730,309,61.91852764,,
Turkey,16/2/2022,94176,271,61.93680787,,
Turkey,17/2/2022,92406,258,61.952333,,
Turkey,18/2/2022,87411,264,61.97040156,,
Turkey,19/2/2022,80454,278,61.98011198,,
Turkey,20/2/2022,70355,263,61.98716725,,
Turkey,21/2/2022,85026,268,62.00656338,,
Turkey,22/2/2022,86070,271,62.02375591,,
Turkey,23/2/2022,86600,268,62.03948918,,
Turkey,24/2/2022,79708,281,62.05342335,,
Turkey,25/2/2022,71736,266,62.0699962,,
Turkey,26/2/2022,61764,221,62.07801804,,
Macao,22/11/2021,0,,63.56147031,,
Macao,23/11/2021,0,,63.93905749,,
Macao,24/11/2021,0,,64.23796802,,
Macao,26/11/2021,0,,64.90444128,,
Macao,28/11/2021,0,,65.56225708,,
Macao,30/11/2021,0,,66.15020558,,
Macao,2/12/2021,0,,66.62105041,,
Macao,3/12/2021,0,,66.83520887,,
Macao,4/12/2021,0,,67.0756435,,
Macao,5/12/2021,0,,67.22525065,,
Macao,7/12/2021,0,,67.54633645,,
Macao,9/12/2021,0,,67.8251981,,
Macao,11/12/2021,0,,68.11043893,,
Macao,13/12/2021,0,,68.40038822,,
Macao,15/12/2021,0,,68.70142514,,
Macao,16/12/2021,0,,68.88885176,,
Macao,17/12/2021,0,,69.01962512,,
Macao,18/12/2021,0,,69.15313241,,
Macao,20/12/2021,0,,69.30972629,,
Macao,22/12/2021,0,,69.40328771,,
Macao,23/12/2021,0,,69.56869095,,
Macao,25/12/2021,0,,69.68852855,,
Macao,27/12/2021,1,,69.80396148,,
Macao,29/12/2021,0,,70.01158886,,
Macao,30/12/2021,1,,70.11168136,,
Macao,1/1/2022,0,,70.24959333,,
Macao,2/1/2022,0,,70.30153814,,
Macao,3/1/2022,0,,70.37125356,,
Macao,4/1/2022,0,,70.46025842,,
Macao,5/1/2022,0,,70.54015015,,
Macao,6/1/2022,0,,70.60834671,,
Macao,7/1/2022,0,,70.71815988,,
Macao,9/1/2022,0,,70.88979041,,
Macao,10/1/2022,0,,70.97484625,,
Macao,11/1/2022,0,,71.04228338,,
Macao,12/1/2022,0,,71.10379698,,
Macao,13/1/2022,0,,71.17275297,,
Macao,14/1/2022,0,,71.2537079,,
Macao,15/1/2022,0,,71.36200221,,
Macao,16/1/2022,0,,71.42928746,,
Macao,17/1/2022,0,,71.50173681,,
Macao,18/1/2022,0,,71.55975704,,
Macao,19/1/2022,0,,71.61595465,,
Macao,20/1/2022,0,,71.67032964,,
Macao,21/1/2022,0,,71.74551292,,
Macao,22/1/2022,0,,71.8416564,,
Macao,23/1/2022,0,,71.9104605,,
Macao,24/1/2022,0,,71.97713821,,
Macao,25/1/2022,0,,72.05384035,,
Macao,26/1/2022,0,,72.11823977,,
Macao,27/1/2022,0,,72.1846137,,
Macao,28/1/2022,0,,72.25797436,,
Macao,29/1/2022,0,,72.32784166,,
Macao,31/1/2022,0,,72.43537655,,
Macao,1/2/2022,0,,72.44236328,,
Macao,2/2/2022,0,,72.45071698,,
Macao,3/2/2022,0,,72.46317158,,
Macao,4/2/2022,0,,72.498409,,
Macao,6/2/2022,0,,72.61004479,,
Macao,8/2/2022,0,,72.7933705,,
Macao,9/2/2022,0,,72.87356601,,
Macao,10/2/2022,0,,72.94814176,,
Macao,11/2/2022,0,,73.04732294,,
Macao,13/2/2022,0,,73.22867415,,
Macao,14/2/2022,0,,73.31555261,,
Macao,15/2/2022,0,,73.40349428,,
Macao,16/2/2022,0,,73.4949293,,
Macao,17/2/2022,0,,73.5866681,,
Macao,18/2/2022,0,,73.69025397,,
Macao,19/2/2022,0,,73.81768584,,
Macao,20/2/2022,0,,73.90319734,,
Macao,21/2/2022,0,,73.99751819,,
Macao,22/2/2022,1,,74.07406845,,
Macao,23/2/2022,0,,74.14955551,,
Macao,24/2/2022,0,,74.22762462,,
Macao,25/2/2022,0,,74.31784456,,
Kuwait,30/11/2021,35,0,73.12801761,,
Kuwait,9/12/2021,20,0,73.46291012,,
Kuwait,13/12/2021,0,0,73.62827716,,
Kuwait,15/12/2021,57,0,73.78671348,,
Kuwait,20/12/2021,80,0,74.00343718,,
Kuwait,23/12/2021,178,1,74.1638834,,
Kuwait,28/12/2021,329,0,74.3135177,,
Kuwait,5/1/2022,2246,1,74.50496736,,
Kuwait,9/1/2022,2999,0,74.58379278,,
Kuwait,10/1/2022,3683,1,74.62436061,,
Kuwait,13/1/2022,4883,1,74.72390889,,
Kuwait,17/1/2022,5147,1,74.81629542,,
Kuwait,19/1/2022,4337,1,74.86739795,,
Kuwait,23/1/2022,4347,1,74.96385051,,
Kuwait,25/1/2022,5742,1,75.08992035,,
Kuwait,27/1/2022,6515,1,75.130673,,
Kuwait,31/1/2022,6063,1,75.22211233,,
Kuwait,2/2/2022,6592,2,75.27795085,,
Kuwait,7/2/2022,4294,1,75.37611299,,
Kuwait,20/2/2022,1195,1,75.587269,,
Sri Lanka,22/10/2021,1115,12,60.15886828,,
Sri Lanka,23/10/2021,554,19,60.65164165,,
Sri Lanka,24/10/2021,555,18,61.06093015,,
Sri Lanka,25/10/2021,561,29,61.20103607,,
Sri Lanka,26/10/2021,556,14,61.40835042,,
Sri Lanka,27/10/2021,1119,20,61.70958352,,
Sri Lanka,28/10/2021,540,22,61.95836353,,
Sri Lanka,3/11/2021,581,21,62.80403228,,
Sri Lanka,4/11/2021,592,15,62.89656016,,
Sri Lanka,5/11/2021,628,15,62.90891519,,
Sri Lanka,6/11/2021,617,20,62.98626442,,
Sri Lanka,7/11/2021,626,15,63.16060719,,
Sri Lanka,8/11/2021,679,19,63.17548813,,
Sri Lanka,9/11/2021,718,17,63.22379651,,
Sri Lanka,10/11/2021,693,16,63.2475018,,
Sri Lanka,11/11/2021,715,19,63.28649274,,
Sri Lanka,13/11/2021,716,22,63.36470254,,
Sri Lanka,14/11/2021,1843,23,63.48899253,,
Sri Lanka,15/11/2021,931,21,63.56868623,,
Sri Lanka,16/11/2021,720,18,63.61242195,,
Sri Lanka,17/11/2021,728,23,63.64731934,,
Sri Lanka,18/11/2021,737,15,63.67639741,,
Sri Lanka,19/11/2021,745,14,63.68600326,,
Sri Lanka,20/11/2021,725,22,63.70546616,,
Sri Lanka,21/11/2021,697,19,63.75362104,,
Sri Lanka,22/11/2021,735,31,63.76389209,,
Sri Lanka,23/11/2021,1499,24,63.80739522,,
Sri Lanka,24/11/2021,745,23,63.82714653,,
Sri Lanka,25/11/2021,740,27,63.83699427,,
Sri Lanka,26/11/2021,714,26,63.84584189,,
Sri Lanka,28/11/2021,742,27,63.90817528,,
Sri Lanka,29/11/2021,747,23,63.92053962,,
Sri Lanka,30/11/2021,722,18,63.9389931,,
Sri Lanka,1/12/2021,744,26,63.96099586,,
Sri Lanka,2/12/2021,738,27,63.97878413,,
Sri Lanka,3/12/2021,725,20,63.99135315,,
Sri Lanka,5/12/2021,746,21,64.02590166,,
Sri Lanka,6/12/2021,741,23,64.03876839,,
Sri Lanka,7/12/2021,748,21,64.05466806,,
Sri Lanka,8/12/2021,757,28,64.06241322,,
Sri Lanka,9/12/2021,744,22,64.07379604,,
Sri Lanka,11/12/2021,762,22,64.11372662,,
Sri Lanka,12/12/2021,714,19,64.14294889,,
Sri Lanka,13/12/2021,747,27,64.14718663,,
Sri Lanka,14/12/2021,2545,20,64.16253739,,
Sri Lanka,15/12/2021,772,16,64.17820912,,
Sri Lanka,16/12/2021,758,21,64.20146785,,
Sri Lanka,17/12/2021,715,22,64.21185985,,
Sri Lanka,18/12/2021,695,14,64.23284387,,
Sri Lanka,19/12/2021,551,18,64.24039366,,
Sri Lanka,20/12/2021,524,19,64.24284978,,
Sri Lanka,21/12/2021,713,24,64.25852616,,
Sri Lanka,22/12/2021,673,16,64.27730061,,
Sri Lanka,23/12/2021,554,21,64.29351659,,
Sri Lanka,24/12/2021,573,20,64.30580185,,
Sri Lanka,25/12/2021,529,19,64.32189224,,
Sri Lanka,26/12/2021,398,13,64.32952576,,
Sri Lanka,27/12/2021,458,17,64.33119108,,
Sri Lanka,28/12/2021,479,22,64.35119359,,
Sri Lanka,29/12/2021,1597,21,64.36484181,,
Sri Lanka,30/12/2021,563,18,64.38145784,,
Sri Lanka,31/12/2021,499,17,64.39431992,,
Sri Lanka,1/1/2022,351,18,64.40503289,,
Sri Lanka,2/1/2022,339,22,64.40957299,,
Sri Lanka,3/1/2022,365,18,64.41156859,,
Sri Lanka,4/1/2022,629,18,64.42348637,,
Sri Lanka,5/1/2022,550,10,64.43060354,,
Sri Lanka,6/1/2022,584,18,64.43847894,,
Sri Lanka,7/1/2022,588,16,64.44505186,,
Sri Lanka,8/1/2022,580,13,64.45535548,,
Sri Lanka,9/1/2022,436,7,64.47266927,,
Sri Lanka,10/1/2022,461,15,64.47643719,,
Sri Lanka,11/1/2022,944,15,64.48326595,,
Sri Lanka,13/1/2022,594,11,64.49854693,,
Sri Lanka,15/1/2022,661,7,64.51515367,,
Sri Lanka,16/1/2022,690,14,64.52773199,,
Sri Lanka,17/1/2022,688,7,64.5341514,,
Sri Lanka,18/1/2022,672,13,64.53787744,,
Sri Lanka,19/1/2022,829,12,64.54733444,,
Sri Lanka,20/1/2022,827,12,64.56034072,,
Sri Lanka,21/1/2022,840,17,64.56559254,,
Sri Lanka,22/1/2022,845,12,64.57175146,,
Sri Lanka,23/1/2022,838,15,64.58138987,,
Sri Lanka,24/1/2022,877,14,64.58391112,,
Sri Lanka,25/1/2022,891,17,64.59563352,,
Sri Lanka,26/1/2022,927,16,64.60625811,,
Sri Lanka,27/1/2022,2523,23,64.62125068,,
Sri Lanka,28/1/2022,961,17,64.648482,,
Sri Lanka,29/1/2022,982,14,64.71126661,,
Sri Lanka,30/1/2022,1056,20,64.72967822,,
Sri Lanka,31/1/2022,1082,21,64.74096801,,
Sri Lanka,1/2/2022,1137,33,64.80028242,,
Sri Lanka,2/2/2022,1156,18,64.86012247,,
Sri Lanka,3/2/2022,1181,23,64.93087552,,
Sri Lanka,5/2/2022,1287,28,65.17454792,,
Sri Lanka,6/2/2022,1331,23,65.19489,,
Sri Lanka,7/2/2022,2212,26,65.22412622,,
Sri Lanka,8/2/2022,1253,35,65.23331342,,
Sri Lanka,9/2/2022,1263,36,65.25249257,,
Sri Lanka,10/2/2022,1297,31,65.26261477,,
Sri Lanka,11/2/2022,1259,31,65.27922615,,
Sri Lanka,12/2/2022,1162,23,65.29742843,,
Sri Lanka,13/2/2022,1150,31,65.30012644,,
Sri Lanka,14/2/2022,1231,36,65.31503064,,
Sri Lanka,15/2/2022,1252,30,65.33086053,,
Sri Lanka,16/2/2022,1217,25,65.34769519,,
Sri Lanka,17/2/2022,1235,27,65.37030268,,
Sri Lanka,18/2/2022,1282,23,65.42150444,,
Sri Lanka,19/2/2022,1273,20,65.49377862,,
Sri Lanka,20/2/2022,1231,25,65.50900843,,
Sri Lanka,21/2/2022,1206,30,65.55051131,,
Sri Lanka,22/2/2022,1254,31,65.60574148,,
Sri Lanka,23/2/2022,1281,31,65.71711823,,
Sri Lanka,24/2/2022,1208,30,65.80918558,,
Sri Lanka,25/2/2022,1286,26,65.8485347,,
Thailand,1/12/2021,4886,43,60.23045269,,
Thailand,2/12/2021,4971,33,60.57238995,,
Thailand,3/12/2021,4912,33,60.97127005,,
Thailand,4/12/2021,5896,37,61.04322773,,
Thailand,5/12/2021,4704,27,61.09020071,,
Thailand,6/12/2021,4000,22,61.13858755,,
Thailand,7/12/2021,3525,31,61.42435251,,
Thailand,8/12/2021,3618,38,61.67495992,,
Thailand,9/12/2021,4203,49,62.01680569,,
Thailand,10/12/2021,4193,28,62.26741024,,
Thailand,11/12/2021,4079,39,62.31918803,,
Thailand,12/12/2021,3787,20,62.3618537,,
Thailand,13/12/2021,3398,23,62.63644367,,
Thailand,14/12/2021,2862,37,62.86170471,,
Thailand,15/12/2021,3370,29,63.11950003,,
Thailand,16/12/2021,3684,26,63.35842495,,
Thailand,17/12/2021,3537,41,63.68249395,,
Thailand,18/12/2021,3132,28,63.76099193,,
Thailand,19/12/2021,2899,22,63.80014943,,
Thailand,20/12/2021,2525,31,64.01583375,,
Thailand,21/12/2021,2476,32,64.23300339,,
Thailand,22/12/2021,2532,31,64.48695744,,
Thailand,23/12/2021,2940,30,64.76330436,,
Thailand,24/12/2021,2671,27,65.1201621,,
Thailand,25/12/2021,2766,30,65.18761375,,
Thailand,26/12/2021,2532,22,65.22691134,,
Thailand,27/12/2021,2437,18,65.53303488,,
Thailand,28/12/2021,2305,32,65.81119021,,
Thailand,29/12/2021,2575,17,66.06008785,,
Thailand,30/12/2021,3037,25,66.21373575,,
Thailand,31/12/2021,3111,26,66.21679075,,
Thailand,1/1/2022,3011,10,66.21893797,,
Thailand,2/1/2022,3112,12,66.22124531,,
Thailand,3/1/2022,2927,18,66.23233738,,
Thailand,4/1/2022,3091,12,66.39743046,,
Thailand,5/1/2022,3899,19,66.63076574,,
Thailand,6/1/2022,5775,11,66.87861693,,
Thailand,7/1/2022,7526,19,67.16368998,,
Thailand,8/1/2022,8263,14,67.20108052,,
Thailand,9/1/2022,8511,12,67.22118893,,
Thailand,10/1/2022,7926,13,67.41219734,,
Thailand,11/1/2022,7133,12,67.57078013,,
Thailand,12/1/2022,15848,19,67.74222624,,
Thailand,13/1/2022,8158,14,67.92099463,,
Thailand,14/1/2022,7793,15,68.16868571,,
Thailand,15/1/2022,8077,18,68.19612498,,
Thailand,16/1/2022,6929,9,68.21133852,,
Thailand,17/1/2022,6397,13,68.34453777,,
Thailand,18/1/2022,7122,18,68.48126093,,
Thailand,19/1/2022,8129,12,68.62506906,,
Thailand,20/1/2022,8640,19,68.77109732,,
Thailand,21/1/2022,8112,13,68.96435302,,
Thailand,22/1/2022,7686,19,68.98430275,,
Thailand,23/1/2022,7139,13,68.99493879,,
Thailand,24/1/2022,6718,13,69.09345368,,
Thailand,25/1/2022,7587,12,69.19420872,,
Thailand,26/1/2022,8078,19,69.28665078,,
Thailand,27/1/2022,8450,22,69.40007614,,
Thailand,28/1/2022,8618,28,69.55371689,,
Thailand,29/1/2022,8444,19,69.56539509,,
Thailand,30/1/2022,8008,12,69.57185106,,
Thailand,31/1/2022,7422,28,69.63568445,,
Thailand,1/2/2022,8587,22,69.6858168,,
Thailand,2/2/2022,9172,21,69.75407902,,
Thailand,3/2/2022,9909,22,69.83101305,,
Thailand,4/2/2022,10490,21,69.94067148,,
Thailand,5/2/2022,10879,20,69.9524183,,
Thailand,6/2/2022,10470,12,69.95800794,,
Thailand,7/2/2022,10398,17,70.02330522,,
Thailand,8/2/2022,13182,24,70.08943309,,
Thailand,9/2/2022,14822,20,70.15487333,,
Thailand,10/2/2022,15242,23,70.22232498,,
Thailand,11/2/2022,16330,25,70.32658391,,
Thailand,12/2/2022,15882,24,70.33892543,,
Thailand,13/2/2022,14900,26,70.34550863,,
Thailand,14/2/2022,14373,27,70.40331493,,
Thailand,15/2/2022,16462,27,70.45556162,,
Thailand,16/2/2022,17349,22,70.46743853,,
Thailand,17/2/2022,18066,27,70.54055845,,
Thailand,18/2/2022,18885,29,70.64552502,,
Thailand,19/2/2022,18953,30,70.65911742,,
Thailand,20/2/2022,18883,32,70.66693291,,
Thailand,21/2/2022,18363,35,70.71392162,,
Thailand,22/2/2022,21232,39,70.7708902,,
Thailand,23/2/2022,23557,38,70.82804891,,
Thailand,24/2/2022,24932,41,70.88221981,,
Thailand,25/2/2022,25615,40,70.9543719,,
Thailand,26/2/2022,24719,42,70.9647063,,
Vietnam,30/12/2021,19868,291,69.71236562,,
Vietnam,13/1/2022,16725,206,73.28885119,,
Vietnam,4/2/2022,11594,84,75.5715931,,
Vietnam,10/2/2022,26032,74,77.4757301,,
Vietnam,11/2/2022,26487,96,77.53268403,,
Vietnam,12/2/2022,27311,78,77.58355251,,
Vietnam,13/2/2022,26379,84,77.60343765,,
Vietnam,23/2/2022,81856,91,78.17959915,,
Vietnam,24/2/2022,69128,111,78.19604225,,
Vietnam,25/2/2022,78795,78,78.20566445,,
